DISTRITO,PROVINCIA,LAT_DIST,LON_DIST
OMATE,GENERAL SANCHEZ CERRO,-16.6739158,-70.9701077
UBINAS,GENERAL SANCHEZ CERRO,-16.3867174,-70.8558927
PUQUINA,GENERAL SANCHEZ CERRO,-16.6255275,-71.1844079
COALAQUE,GENERAL SANCHEZ CERRO,-16.6489508,-71.0208944
YUNGA,GENERAL SANCHEZ CERRO,-16.1951918,-70.6781032
MATALAQUE,GENERAL SANCHEZ CERRO,-16.4819546,-70.8261709
LA CAPILLA,GENERAL SANCHEZ CERRO,-16.7569598,-71.1793779
ILO,ILO,-17.6458772,-71.3452005
PACOCHA,ILO,-17.4371991,-71.3472543
MOQUEGUA,MARISCAL NIETO,-17.1938025,-70.9345636
SAN ANTONIO,MARISCAL NIETO,-17.2081143,-70.9501525
TORATA,MARISCAL NIETO,-17.0765697,-70.8443485
SAMEGUA,MARISCAL NIETO,-17.181909,-70.8999491
CARUMAS,MARISCAL NIETO,-16.8092911,-70.6948053
SAN CRISTOBAL,MARISCAL NIETO,-16.6697938,-70.6662215
CUCHUMBAYA,MARISCAL NIETO,-16.7509756,-70.6861433
LLOQUE,GENERAL SANCHEZ CERRO,-16.3239594,-70.7386413
CHOJATA,GENERAL SANCHEZ CERRO,-16.3884944,-70.7302805
MARISCAL NIETO,MARISCAL NIETO,-17.1928873,-70.9270674
ICHUÑA,GENERAL SANCHEZ CERRO,-16.1409914,-70.5376837
LA PERLA,CALLAO,-12.0716034,-77.1173892
BELLAVISTA,CALLAO,-12.0597362,-77.1111612
VENTANILLA,CALLAO,-11.8846444,-77.1230803
CALLAO,CALLAO,-12.0522626,-77.1391133
CARMEN DE LA LEGUA REYNOSO,CALLAO,-12.0430586,-77.0908775
LA PUNTA,CALLAO,-12.0708597,-77.1630399
MI PERU,CALLAO,-11.8535764,-77.1203113
VENTANILLA,VENTANILLA,-11.8719834,-77.1222038
MANU,MANU,-12.3870413,-71.5115649
FITZCARRALD,MANU,-12.0164673,-70.9139793
HUEPETUHE,MANU,-12.9944387,-70.5269739
MADRE DE DIOS,MANU,-12.6672461,-70.6339897
IBERIA,TAHUAMANU,-11.4070896,-69.4892093
IÑAPARI,TAHUAMANU,-10.9470805,-69.5761211
TAHUAMANU,TAHUAMANU,-11.6296573,-69.9594905
TAMBOPATA,TAMBOPATA,-12.187271,-69.8479162
INAMBARI,TAMBOPATA,-12.9734018,-69.9280397
LABERINTO,TAMBOPATA,-12.3958812,-70.1366235
LAS PIEDRAS,TAMBOPATA,-12.2789796,-69.1508022
VISCHONGO,VILCAS HUAMAN,-13.589164,-73.9950577
ANDRES AVELINO CACERES DORREGARAY,HUAMANGA,-13.1542569,-74.199401
CANGALLO,CANGALLO,-13.6293556,-74.1435896
LURICOCHA,HUANTA,-12.8992971,-74.2740319
CHUSCHI,CANGALLO,-13.5850271,-74.3520026
LOS MOROCHUCOS,CANGALLO,-13.4957129,-74.2175281
MARIA PARADO DE BELLIDO,CANGALLO,-13.5589775,-74.2959621
JESUS NAZARENO,HUAMANGA,-13.1231549,-74.2020312
AYACUCHO,HUAMANGA,-13.1604269,-74.2256973
SAN JUAN BAUTISTA,HUAMANGA,-13.2028359,-74.2135037
CARMEN ALTO,HUAMANGA,-13.2051965,-74.243038
HUAMANGA,HUAMANGA,-13.1604269,-74.2256973
VINCHOS,HUAMANGA,-13.2419722,-74.3542792
TAMBILLO,HUAMANGA,-13.1945296,-74.1110216
ACOCRO,HUAMANGA,-13.2191349,-74.0419472
OCROS,HUAMANGA,-13.3909666,-73.9153448
PARAS,CANGALLO,-13.5525049,-74.6274189
SOCOS,HUAMANGA,-13.2146111,-74.2891989
ACOS VINCHOS,HUAMANGA,-13.119796,-74.0675347
QUINUA,HUAMANGA,-13.0489862,-74.139323
VILCANCHOS,VICTOR FAJARDO,-13.6112354,-74.532601
CHIARA,HUAMANGA,-13.2732192,-74.205806
TOTOS,CANGALLO,-13.5678812,-74.5228823
SAN JOSE DE TICLLAS,HUAMANGA,-13.1188952,-74.3241155
SANTIAGO DE PISCHA,HUAMANGA,-13.0648322,-74.3040636
PACAYCASA,HUAMANGA,-13.057084,-74.2145977
HUANCASANCOS,HUANCASANCOS,-13.9199117,-74.3338727
HUANTA,HUANTA,-12.9398882,-74.2479531
CANAYRE,HUANTA,-12.3267139,-74.0420311
LLOCHEGUA,HUANTA,-12.4097623,-73.9060381
SANTILLANA,HUANTA,-12.7095452,-74.2776226
PUCACOLPA,HUANTA,-12.3108798,-74.3521695
SIVIA,HUANTA,-12.5115862,-73.8588
HUAMANGUILLA,HUANTA,-13.0112488,-74.1734964
CHACA,HUANTA,-12.7843999,-74.2058707
UCHURACCAY,HUANTA,-12.8269938,-74.1115777
AYAHUANCO,HUANTA,-12.6330163,-74.2911392
PUTIS,HUANTA,-12.6084196,-74.1912406
IGUAIN,HUANTA,-12.9768506,-74.2063522
SANTA ROSA,LA MAR,-12.6881982,-73.7354531
SAMUGARI,LA MAR,-12.839777,-73.6944194
AYNA,LA MAR,-12.7248189,-73.90596
SAN MIGUEL,LA MAR,-13.0126048,-73.9810178
UNION PROGRESO,LA MAR,-12.92785,-73.5595851
ANCO,LA MAR,-13.11681,-73.6904625
ANCHIHUAY,LA MAR,-12.8633126,-73.581673
ORONCCOY,LA MAR,-13.3807655,-73.4358917
LUIS CARRANZA,LA MAR,-13.2429701,-73.8808127
CHUNGUI,LA MAR,-13.2220319,-73.621572
TAMBO,LA MAR,-12.9481515,-74.0201903
PATIBAMBA,LA MAR,-13.0623293,-73.9418751
NINABAMBA,LA MAR,-13.0895924,-73.916184
LA MAR,LA MAR,-13.0886984,-73.9159295
CHILCAS,LA MAR,-13.1714014,-73.9067773
RIO MAGDALENA,LA MAR,-12.8750776,-73.6587437
PUQUIO,LUCANAS,-14.6940105,-74.1242183
CABANA,LUCANAS,-14.2885572,-73.9671215
HUAC-HUAS,LUCANAS,-14.1315439,-74.9421837
LUCANAS,LUCANAS,-14.6223061,-74.2334344
LARAMATE,LUCANAS,-14.2864145,-74.8427964
CHIPAO,LUCANAS,-14.3658713,-73.87626
AUCARA,LUCANAS,-14.2810472,-73.9748656
SANCOS,LUCANAS,-15.0625764,-73.9519436
SANTA LUCIA,LUCANAS,-14.9782125,-74.523762
OTOCA,LUCANAS,-14.4901743,-74.6864442
SAISA,LUCANAS,-14.9402449,-74.4167887
SAN CRISTOBAL,LUCANAS,-14.7431742,-74.2224412
SAN PEDRO DE PALCO,LUCANAS,-14.4119513,-74.6510319
SAN PEDRO,LUCANAS,-14.7671803,-74.0976631
OCAÑA,LUCANAS,-14.3986309,-74.8227486
CHAVIÑA,LUCANAS,-14.9794632,-73.8373748
SAN JUAN,LUCANAS,-14.6516137,-74.1988989
CARMEN SALCEDO,LUCANAS,-14.4527315,-73.9643101
LLAUTA,LUCANAS,-14.2437107,-74.9199697
LEONCIO PRADO,LUCANAS,-14.6889802,-74.6449483
SANTA ANA DE HUAYCAHUACHO,LUCANAS,-14.2267538,-73.9568416
CORACORA,PARINACOCHAS,-15.01682,-73.7806339
PULLO,PARINACOCHAS,-15.2103216,-73.8265885
CHUMPI,PARINACOCHAS,-15.0948144,-73.7481655
CORONEL CASTAÑEDA,PARINACOCHAS,-14.7734005,-73.1826283
PUYUSCA,PARINACOCHAS,-15.2779216,-73.5681304
PARINACOCHAS,PARINACOCHAS,-15.2489232,-73.5675344
PACAPAUSA,PARINACOCHAS,-14.9499497,-73.3678698
UPAHUACHO,PARINACOCHAS,-14.9071739,-73.3978382
SAN FRANCISCO DE RAVACAYCO,PARINACOCHAS,-14.9969767,-73.3513405
LAMPA,PAUCAR DEL SARA SARA,-15.1850858,-73.3485703
PAUSA,PAUCAR DEL SARA SARA,-15.2789471,-73.3443491
PAUCAR DEL SARA SARA,PAUCAR DEL SARA SARA,-15.2785094,-73.3441696
SAN JAVIER DE ALPABAMBA,PAUCAR DEL SARA SARA,-15.0566202,-73.3224254
SARA SARA,PAUCAR DEL SARA SARA,-15.2667373,-73.4535983
SAN JOSE DE USHUA,PAUCAR DEL SARA SARA,-15.2247933,-73.2267347
CORCULLA,PAUCAR DEL SARA SARA,-15.2631753,-73.2005622
MARCABAMBA,PAUCAR DEL SARA SARA,-15.1498207,-73.3413923
OYOLO,PAUCAR DEL SARA SARA,-15.1791581,-73.1850674
QUEROBAMBA,SUCRE,-14.0113112,-73.8388183
SORAS,SUCRE,-14.1144908,-73.6040552
SUCRE,SUCRE,-6.9396163,-78.1351447
MORCOLLA,SUCRE,-14.1086995,-73.8722162
CHALCOS,SUCRE,-13.8477453,-73.7540891
SAN PEDRO DE LARCAY,SUCRE,-14.168823,-73.5728159
CHILCAYOC,SUCRE,-13.8834503,-73.7273297
PAICO,SUCRE,-14.0383594,-73.6421391
SAN SALVADOR DE QUIJE,SUCRE,-13.9684014,-73.7347073
SANTIAGO DE PAUCARAY,SUCRE,-14.0441304,-73.6374396
BELEN,SUCRE,-13.80884,-73.7577858
HUALLA,VICTOR FAJARDO,-13.8498374,-73.9508662
HUANCAPI,VICTOR FAJARDO,-13.7524539,-74.0663014
CAYARA,VICTOR FAJARDO,-13.7950216,-73.9888655
CANARIA,VICTOR FAJARDO,-13.9235214,-73.9047763
COLCA,VICTOR FAJARDO,-13.7125385,-74.0335467
VICTOR FAJARDO,VICTOR FAJARDO,-13.7487,-74.0654
HUANCARAYLLA,VICTOR FAJARDO,-13.7186797,-74.102109
HUAMANQUIQUIA,VICTOR FAJARDO,-13.7291512,-74.2719606
SARHUA,VICTOR FAJARDO,-13.6729102,-74.3198661
ALCAMENCA,VICTOR FAJARDO,-13.6383605,-74.1931859
APONGO,VICTOR FAJARDO,-14.0132331,-73.9324818
ASQUIPATA,VICTOR FAJARDO,-14.0551088,-73.9096218
VILCAS HUAMAN,VILCAS HUAMAN,-13.6530968,-73.9538315
ACCOMARCA,VILCAS HUAMAN,-13.8008867,-73.9040554
CONCEPCION,VILCAS HUAMAN,-13.5326521,-73.8751428
CARHUANCA,VILCAS HUAMAN,-13.7424052,-73.7875323
SAURAMA,VILCAS HUAMAN,-13.695496,-73.7592506
HUAMBALPA,VILCAS HUAMAN,-13.7503074,-73.9315832
INDEPENDENCIA,VILCAS HUAMAN,-13.8846729,-73.8570602
TUMBES,TUMBES,-3.5707875,-80.4596454
ZORRITOS,CONTRALMIRANTE VILLAR,-3.680529,-80.6797377
LA CRUZ,TUMBES,-3.6708625,-80.571425
CANOAS DE PUNTA SAL,CONTRALMIRANTE VILLAR,-4.0122929,-80.889965
MANCORA,TALARA,-4.1030531,-81.0481341
CASITAS,CONTRALMIRANTE VILLAR,-4.0907512,-80.6884808
CORRALES,TUMBES,-3.5982942,-80.5144147
PAMPAS DE HOSPITAL,TUMBES,-3.8452253,-80.3899845
SAN JACINTO,TUMBES,-3.8388292,-80.5194942
SAN JUAN DE LA VIRGEN,TUMBES,-3.6460046,-80.404156
ZARUMILLA,ZARUMILLA,-3.5005659,-80.2749876
AGUAS VERDES,ZARUMILLA,-3.4818648,-80.2455802
MATAPALO,ZARUMILLA,-3.7555317,-80.2522386
PAPAYAL,ZARUMILLA,-3.5705937,-80.2962193
BAGUA,BAGUA,-5.6390867,-78.5317246
LA PECA,BAGUA,-5.6122226,-78.4373718
ARAMANGO,BAGUA,-5.4166377,-78.4380835
COPALLIN,BAGUA,-5.6748583,-78.4229173
EL PARCO,BAGUA,-5.6251674,-78.4756715
JAZAN,BONGARA,-5.9406895,-78.0214318
COROSHA,BONGARA,-5.8227256,-77.8023293
SHIPASBAMBA,BONGARA,-5.9099591,-77.9808638
JUMBILLA,BONGARA,-5.9043393,-77.7980217
FLORIDA,BONGARA,-5.8262269,-77.9691875
YAMBRASBAMBA,BONGARA,-5.4705272,-77.8483829
SAN CARLOS,BONGARA,-6.0066058,-77.8554794
CHACHAPOYAS,CHACHAPOYAS,-6.2293182,-77.8714631
LEIMEBAMBA,CHACHAPOYAS,-6.7079646,-77.8043876
CHUQUIBAMBA,CHACHAPOYAS,-6.9347224,-77.8546995
SAN ISIDRO DE MAINO,CHACHAPOYAS,-6.3494721,-77.8387903
QUINJALCA,CHACHAPOYAS,-6.0991376,-77.6739119
LA JALCA,CHACHAPOYAS,-6.4845144,-77.8154878
BALSAS,CHACHAPOYAS,-6.8355968,-78.018516
SOLOCO,CHACHAPOYAS,-6.2603269,-77.7447758
CHETO,CHACHAPOYAS,-6.2553433,-77.7005901
MOLINOPAMPA,CHACHAPOYAS,-6.208833,-77.6692964
CHILIQUIN,CHACHAPOYAS,-6.0798116,-77.7560102
SAN FRANCISCO DE DAGUAS,CHACHAPOYAS,-6.228968,-77.7329893
LEVANTO,CHACHAPOYAS,-6.3082358,-77.899056
GRANADA,CHACHAPOYAS,-6.1066744,-77.6282412
MAGDALENA,CHACHAPOYAS,-6.3726216,-77.901915
HUANCAS,CHACHAPOYAS,-6.1737297,-77.8647931
NIEVA,CONDORCANQUI,-4.8986276,-77.953714
CONDORCANQUI,CONDORCANQUI,-4.3299032,-78.6491545
RIO SANTIAGO,CONDORCANQUI,-3.7542916,-77.9181529
IMAZA,BAGUA,-4.9924016,-78.3829771
EL CENEPA,CONDORCANQUI,-4.0445016,-78.3559023
LAMUD,LUYA,-6.1390013,-77.9519237
CAMPORREDONDO,LUYA,-6.2152175,-78.3203232
LUYA,LUYA,-6.1646317,-77.9445731
LONYA CHICO,LUYA,-6.2071724,-78.0366728
TINGO,LUYA,-6.3903984,-77.9416773
OCALLI,LUYA,-6.2353261,-78.2685931
TRITA,LUYA,-6.1555302,-77.9810816
COCABAMBA,LUYA,-6.6323195,-78.0132333
SANTO TOMAS,LUYA,-6.5731418,-77.8656837
PISUQUIA,LUYA,-6.4703841,-78.0920018
PROVIDENCIA,LUYA,-6.315809,-78.2931775
SAN FRANCISCO DEL YESO,LUYA,-6.6274101,-77.8624737
LONGUITA,LUYA,-6.4030263,-78.0036764
CONILA,LUYA,-6.1153759,-78.2132816
MARIA,LUYA,-6.4293408,-77.9603576
COLCAMAR,LUYA,-6.2994624,-77.9728542
SANTA CATALINA,LUYA,-6.077409,-78.0957726
SAN CRISTOBAL,LUYA,-6.0777959,-77.9467902
OCUMAL,LUYA,-6.3544697,-78.1493139
INGUILPATA,LUYA,-6.2547417,-78.0130499
SAN JUAN DE LOPECANCHA,LUYA,-6.4795147,-77.9026638
SAN NICOLAS,RODRIGUEZ DE MENDOZA,-6.3717523,-77.4542606
HUAMBO,RODRIGUEZ DE MENDOZA,-6.4289457,-77.5378361
MARISCAL BENAVIDES,RODRIGUEZ DE MENDOZA,-6.3866552,-77.5039959
OMIA,RODRIGUEZ DE MENDOZA,-6.4034053,-77.3479863
VISTA ALEGRE,RODRIGUEZ DE MENDOZA,-6.1502716,-77.3033308
CHIRIMOTO,RODRIGUEZ DE MENDOZA,-6.5396037,-77.4200595
LIMABAMBA,RODRIGUEZ DE MENDOZA,-6.498057,-77.4985751
COCHAMAL,RODRIGUEZ DE MENDOZA,-6.4088881,-77.5775042
LONGAR,RODRIGUEZ DE MENDOZA,-6.3854681,-77.546239
MILPUC,RODRIGUEZ DE MENDOZA,-6.4986968,-77.4400442
BAGUA GRANDE,UTCUBAMBA,-5.754216,-78.4421686
CAJARURO,UTCUBAMBA,-5.7369151,-78.4299829
LONYA GRANDE,UTCUBAMBA,-6.0965677,-78.4213209
EL MILAGRO,UTCUBAMBA,-5.6376206,-78.55816
CUMBA,UTCUBAMBA,-5.9356569,-78.6640646
YAMON,UTCUBAMBA,-6.0077734,-78.5259826
JAMALCA,UTCUBAMBA,-5.8942887,-78.2383681
UTCUBAMBA,UTCUBAMBA,-5.7536613,-78.4408309
IQUITOS,MAYNAS,-3.749365,-73.2444145
PUNCHANA,MAYNAS,-3.5107986,-73.4877773
YURIMAGUAS,ALTO AMAZONAS,-5.8951672,-76.1046533
LAGUNAS,ALTO AMAZONAS,-5.2269531,-75.6796596
ALTO AMAZONAS - YURIMAGUAS,ALTO AMAZONAS - YURIMAGUAS,-6.0480174,-76.176799
BALSAPUERTO,ALTO AMAZONAS,-5.831621,-76.5598614
SANTA CRUZ,ALTO AMAZONAS,-5.5133345,-75.8586131
JEBEROS,ALTO AMAZONAS,-5.2909218,-76.2837612
TENIENTE CESAR LOPEZ ROJAS,ALTO AMAZONAS,-5.94343,-75.786298
BARRANCA,DATEM DEL MARAÑON,-4.8261658,-76.6889606
MORONA,DATEM DEL MARAÑON,-3.8124232,-77.3569829
MANSERICHE,DATEM DEL MARAÑON,-4.6731848,-77.4906617
ANDOAS,DATEM DEL MARAÑON,-3.3754615,-76.6396161
CAHUAPANAS,DATEM DEL MARAÑON,-5.297035,-76.9390014
PASTAZA,DATEM DEL MARAÑON,-4.0593301,-76.9192778
TROMPETEROS,LORETO,-3.0999989,-75.8735112
NAUTA,LORETO,-4.5070455,-73.5740018
TIGRE,LORETO,-3.0555554,-75.2118391
URARINAS,LORETO,-4.2547901,-75.4420923
PARINARI,LORETO,-4.6305467,-74.4597653
YAVARI,MARISCAL RAMON CASTILLA,-4.5837236,-72.4931689
SAN PABLO,MARISCAL RAMON CASTILLA,-3.7162678,-71.3968802
PEBAS,MARISCAL RAMON CASTILLA,-3.3206285,-71.8617562
RAMON CASTILLA,MARISCAL RAMON CASTILLA,-3.6673043,-70.9051289
SANTA ROSA DE LORETO,MARISCAL RAMON CASTILLA,-4.2261773,-69.9561179
MARISCAL RAMON CASTILLA - CABALLOCOCHA,MARISCAL RAMON CASTILLA - CABALLOCOCHA,-3.9091,-70.517
NAPO,MAYNAS,-2.0495547,-74.5349201
SAN JUAN BAUTISTA,MAYNAS,-4.0779873,-73.5219454
BELEN,MAYNAS,-3.849332,-73.2524399
YAQUERANA,REQUENA,-6.0419797,-73.411479
MAZAN,MAYNAS,-3.4976682,-73.0894632
INDIANA,MAYNAS,-3.4996924,-73.041948
LAS AMAZONAS,MAYNAS,-3.6036304,-72.4786307
FERNANDO LORES,MAYNAS,-4.2585911,-73.0632445
MAYNAS,MAYNAS,-3.4829449,-73.4445841
ALTO NANAY,MAYNAS,-3.2681319,-74.3097829
TORRES CAUSANA,MAYNAS,-1.1016433,-75.0058097
PUTUMAYO,PUTUMAYO,-2.3030502,-73.4160112
YAGUAS,PUTUMAYO,-2.8166461,-71.0626175
TENIENTE MANUEL CLAVERO,PUTUMAYO,-0.7447078,-74.7655759
ROSA PANDURO,PUTUMAYO,-1.6095645,-73.7127933
REQUENA,REQUENA,-5.0636942,-73.8563645
CAPELO,REQUENA,-5.3786707,-74.1666836
JENARO HERRERA,REQUENA,-4.9055783,-73.6686202
MAQUIA,REQUENA,-6.4287985,-74.7975616
ALTO TAPICHE,REQUENA,-6.7402458,-74.2664583
SAQUENA,REQUENA,-4.7735601,-73.387296
SOPLIN,REQUENA,-6.2670638,-73.6559796
PUINAHUA,REQUENA,-5.6023188,-74.9306871
EMILIO SAN MARTIN,REQUENA,-6.2736324,-74.5306917
TAPICHE,REQUENA,-6.0299214,-73.9443246
VARGAS GUERRA,UCAYALI,-6.9769051,-74.9580168
CONTAMANA,UCAYALI,-7.3504619,-75.0090611
SARAYACU,UCAYALI,-6.3969342,-75.2180436
PADRE MARQUEZ,UCAYALI,-7.8670293,-74.8994093
INAHUAYA,UCAYALI,-7.1174827,-75.2645205
PAMPA HERMOSA,UCAYALI,-7.3136461,-76.1579562
UCAYALI - CONTAMANA,UCAYALI - CONTAMANA,-7.2242616,-75.1764658
CAJABAMBA,CAJABAMBA,-7.6238807,-78.0464077
SITACOCHA,CAJABAMBA,-7.491877,-77.8999671
CACHACHI,CAJABAMBA,-7.4487528,-78.2686919
CONDEBAMBA,CAJABAMBA,-7.5324512,-78.0953763
CAJAMARCA,CAJAMARCA,-7.1566682,-78.517306
LOS BAÑOS DEL INCA,CAJAMARCA,-7.0827588,-78.4704848
JESUS,CAJAMARCA,-7.2489716,-78.3794946
CHETILLA,CAJAMARCA,-7.1469797,-78.6727252
LLACANORA,CAJAMARCA,-7.1935919,-78.4266731
NAMORA,CAJAMARCA,-7.2021381,-78.3253016
COSPAN,CAJAMARCA,-7.4270012,-78.5423093
ENCAÑADA,CAJAMARCA,-6.9816201,-78.4079551
MATARA,CAJAMARCA,-7.2750555,-78.2629041
ASUNCION,CAJAMARCA,-7.3234733,-78.5185817
SAN JUAN,CAJAMARCA,-7.2917583,-78.4975638
MAGDALENA,CAJAMARCA,-7.2246172,-78.6311663
TUMBADEN,SAN PABLO,-7.0249393,-78.7397496
CELENDIN,CELENDIN,-6.8654175,-78.1454655
SUCRE,CELENDIN,-6.9426948,-78.1356347
SOROCHUCO,CELENDIN,-6.9116568,-78.2550906
HUASMIN,CELENDIN,-6.8376064,-78.2449857
MIGUEL IGLESIAS,CELENDIN,-6.6774179,-78.2041829
JOSE GALVEZ,CELENDIN,-6.9257243,-78.1327793
LA LIBERTAD DE PALLAN,CELENDIN,-6.7234922,-78.2823411
OXAMARCA,CELENDIN,-7.0419042,-78.0680177
CORTEGANA,CELENDIN,-6.5132567,-78.3289876
CHUMUCH,CELENDIN,-6.6029568,-78.200322
LAJAS,CHOTA,-6.5603051,-78.7347385
CHOTA,CHOTA,-6.5614846,-78.6509551
CONCHAN,CHOTA,-6.444536,-78.6559814
CHIMBAN,CHOTA,-6.2514295,-78.4784639
MIRACOSTA,CHOTA,-6.4047699,-79.2837793
HUAMBOS,CHOTA,-6.4526579,-78.9609489
LLAMA,CHOTA,-6.5146412,-79.1200724
CHADIN,CHOTA,-6.434157,-78.4102176
CHOROPAMPA,CHOTA,-6.3720964,-78.377002
CHALAMARCA,CHOTA,-6.5031727,-78.4797597
QUEROCOTO,CHOTA,-6.3591933,-79.0346121
TACABAMBA,CHOTA,-6.3929949,-78.6112435
ANGUIA,CHOTA,-6.3414242,-78.605603
CHIGUIRIP,CHOTA,-6.4281698,-78.7212712
COCHABAMBA,CHOTA,-6.474381,-78.8851926
PACCHA,CHOTA,-6.4973639,-78.4234478
TOCMOCHE,CHOTA,-6.4129611,-79.3607734
PION,CHOTA,-6.1782783,-78.4821171
SAN JUAN DE LICUPIS,CHOTA,-6.4772439,-79.2481234
YONAN,CONTUMAZA,-7.2849207,-79.1833583
SAN BENITO,CONTUMAZA,-7.5205811,-78.9586674
GUZMANGO,CONTUMAZA,-7.3850276,-78.8963668
TANTARICA,CONTUMAZA,-7.2698246,-78.944504
CHILETE,CONTUMAZA,-7.2213783,-78.8396922
CONTUMAZA,CONTUMAZA,-7.36625,-78.8051109
CUPISNIQUE,CONTUMAZA,-7.3716381,-79.0681649
SANTA CRUZ DE TOLEDO,CONTUMAZA,-7.3439935,-78.8371489
CUTERVO,CUTERVO,-6.3790362,-78.8157238
SAN ANDRES DE CUTERVO,CUTERVO,-6.238498,-78.7123154
SOCOTA,CUTERVO,-6.2875083,-78.7178366
SANTO DOMINGO DE LA CAPILLA,CUTERVO,-6.2445336,-78.8553076
SANTA CRUZ,CUTERVO,-6.095069,-78.8528691
PIMPINGOS,CUTERVO,-6.0619295,-78.7583334
SAN JUAN DE CUTERVO,CUTERVO,-6.1634022,-78.5978979
QUEROCOTILLO,CUTERVO,-6.2735837,-79.0381664
SANTO TOMAS,CUTERVO,-6.1513646,-78.6823138
CALLAYUC,CUTERVO,-6.1808953,-78.9101946
CUJILLO,CUTERVO,-6.1070938,-78.5741191
CHOROS,CUTERVO,-5.9003238,-78.693769
LA RAMADA,CUTERVO,-6.2120596,-78.5602617
TORIBIO CASANOVA,CUTERVO,-5.9873916,-78.685043
SAN LUIS DE LUCMA,CUTERVO,-6.2941228,-78.6035288
BAMBAMARCA,HUALGAYOC,-6.68221,-78.5201491
HUALGAYOC,HUALGAYOC,-6.7683402,-78.6096155
CHUGUR,HUALGAYOC,-6.6706526,-78.7385194
PUCARA,JAEN,-6.0418131,-79.1300978
JAEN,JAEN,-5.7086087,-78.8075898
CHONTALI,JAEN,-5.6460405,-79.0880569
SALLIQUE,JAEN,-5.6583409,-79.3155413
COLASAY,JAEN,-5.9788585,-79.068558
BELLAVISTA,JAEN,-5.6655198,-78.6790967
POMAHUACA,JAEN,-5.9318961,-79.2296103
SAN JOSE DEL ALTO,JAEN,-5.4650716,-79.0176281
SANTA ROSA,JAEN,-5.4327549,-78.566755
LAS PIRIAS,JAEN,-5.6272504,-78.8525806
HUABAL,JAEN,-5.6128756,-78.8996429
SAN FELIPE,JAEN,-5.7704483,-79.313728
SAN IGNACIO,SAN IGNACIO,-5.1459194,-79.0036525
CHIRINOS,SAN IGNACIO,-5.3039554,-78.8981584
HUARANGO,SAN IGNACIO,-5.2728294,-78.7758172
LA COIPA,SAN IGNACIO,-5.3930466,-78.9061426
TABACONAS,SAN IGNACIO,-5.3160315,-79.2831531
SAN JOSE DE LOURDES,SAN IGNACIO,-5.1031042,-78.9138215
NAMBALLE,SAN IGNACIO,-5.0045531,-79.0876516
PEDRO GALVEZ,SAN MARCOS,-7.32439,-78.1841581
SAN MARCOS,SAN MARCOS,-7.3360223,-78.1704892
JOSE SABOGAL,SAN MARCOS,-7.2144553,-77.9822936
JOSE MANUEL QUIROZ,SAN MARCOS,-7.3537249,-78.0111071
CHANCAY,SAN MARCOS,-7.3881817,-78.12367
ICHOCAN,SAN MARCOS,-7.4043688,-78.055406
EDUARDO VILLANUEVA,SAN MARCOS,-7.4366446,-78.1476144
GREGORIO PITA,SAN MARCOS,-7.2214778,-78.1614798
SAN MIGUEL,SAN MIGUEL,-7.0698752,-78.9291686
BOLIVAR,SAN MIGUEL,-6.9768708,-79.178387
TONGOD,SAN MIGUEL,-6.7565331,-78.8246992
CALQUIS,SAN MIGUEL,-6.9801252,-78.8499806
UNION AGUA BLANCA,SAN MIGUEL,-7.1143492,-79.0459094
EL PRADO,SAN MIGUEL,-7.0336496,-79.0111824
LLAPA,SAN MIGUEL,-6.9807634,-78.8076004
CATILLUC,SAN MIGUEL,-6.8105859,-78.7281891
SAN SILVESTRE DE COCHAN,SAN MIGUEL,-6.9777058,-78.7741021
NIEPOS,SAN MIGUEL,-6.9264182,-79.1296784
NANCHOC,SAN MIGUEL,-6.9595289,-79.2427447
LA FLORIDA,SAN MIGUEL,-6.8696112,-79.1220288
SAN GREGORIO,SAN MIGUEL,-7.0571249,-79.0951175
SAN PABLO,SAN PABLO,-7.1183111,-78.823435
SAN BERNARDINO,SAN PABLO,-7.165292,-78.7831824
SAN LUIS,SAN PABLO,-7.1572916,-78.8679074
CATACHE,SANTA CRUZ,-6.6739084,-79.0326561
CHANCAYBAÑOS,SANTA CRUZ,-6.5540423,-78.882045
SANTA CRUZ,SANTA CRUZ,-6.6287265,-78.9427022
PULAN,SANTA CRUZ,-6.7388038,-78.9204565
LA ESPERANZA,SANTA CRUZ,-6.5929359,-78.8957639
NINABAMBA,SANTA CRUZ,-6.6501099,-78.7875763
ANDABAMBA,SANTA CRUZ,-6.6628214,-78.8172733
UTICYACU,SANTA CRUZ,-6.6065559,-78.793839
YAUYUCAN,SANTA CRUZ,-6.6824506,-78.8410093
SAUCEPAMPA,SANTA CRUZ,-6.6906321,-78.9166193
SEXI,SANTA CRUZ,-6.5639099,-79.0513314
CANDARAVE,CANDARAVE,-17.2682103,-70.250337
HUANUARA,CANDARAVE,-17.3136327,-70.3222106
CAIRANI,CANDARAVE,-17.2852454,-70.3638257
QUILAHUANI,CANDARAVE,-17.3180124,-70.2584613
CAMILACA,CANDARAVE,-17.2684208,-70.380307
ITE,JORGE BASADRE,-17.8613864,-70.9653363
LOCUMBA,JORGE BASADRE,-17.6138491,-70.7623551
ILABAYA,JORGE BASADRE,-17.4207391,-70.5127463
POCOLLAY,TACNA,-18.0098398,-70.1038612
TACNA,TACNA,-18.01386,-70.2511032
CORONEL GREGORIO ALBARRACIN LANCHIPA,TACNA,-18.103332,-70.2199356
CIUDAD NUEVA,TACNA,-17.8513161,-70.1932649
LA YARADA LOS PALOS,TACNA,-18.2115431,-70.450744
ALTO DE LA ALIANZA,TACNA,-17.8003418,-70.2711884
CALANA,TACNA,-17.9388968,-70.1862051
PACHIA,TACNA,-17.8969358,-70.1547383
PALCA,TACNA,-17.7779521,-69.959659
INCLAN,TACNA,-17.6749065,-70.4086158
SAMA,TACNA,-17.9896094,-70.7069585
TARATA,TARATA,-17.4747154,-70.0320713
SITAJARA,TARATA,-17.3754321,-70.1339063
ESTIQUE,TARATA,-17.5418348,-70.0184899
ESTIQUE-PAMPA,TARATA,-17.6466875,-70.1211853
TARUCACHI,TARATA,-17.5262592,-70.0289091
SUSAPAYA,TARATA,-17.3532192,-70.1326958
HUANCAYO,HUANCAYO,-12.068098,-75.2100953
CHANCHAMAYO,CHANCHAMAYO,-11.059485,-75.4993163
SAN RAMON,CHANCHAMAYO,-11.1214018,-75.3521478
PERENE,CHANCHAMAYO,-10.9489915,-75.2288746
SAN LUIS DE SHUARO,CHANCHAMAYO,-10.8887276,-75.288652
MARISCAL CASTILLA,CONCEPCION,-11.5894535,-75.1144821
MONOBAMBA,JAUJA,-11.3607901,-75.3266935
VITOC,CHANCHAMAYO,-11.2101234,-75.3345823
CHUPACA,CHUPACA,-12.0617452,-75.2876533
YANACANCHA,CHUPACA,-12.2010926,-75.3870256
SAN JOSE DE QUERO,CONCEPCION,-12.0854846,-75.5362388
HUAMANCACA CHICO,CHUPACA,-12.0809635,-75.2421078
SAN JUAN DE JARPA,CHUPACA,-12.1257643,-75.4352044
HUACHAC,CHUPACA,-12.0205443,-75.3427247
AHUAC,CHUPACA,-12.0856856,-75.3207776
SINCOS,JAUJA,-11.891261,-75.3879811
CHAMBARA,CONCEPCION,-12.0274597,-75.3750545
MANZANARES,CONCEPCION,-12.0001258,-75.3636274
CHONGOS BAJO,CHUPACA,-12.134336,-75.2680793
TRES DE DICIEMBRE,CHUPACA,-12.1096449,-75.2456993
SAN JUAN DE ISCOS,CHUPACA,-12.0983216,-75.293125
CONCEPCION,CONCEPCION,-11.918435,-75.3130386
MATAHUASI,CONCEPCION,-11.8937662,-75.3439685
COMAS,CONCEPCION,-11.6578955,-74.9817936
COCHAS,CONCEPCION,-11.659928,-75.102177
ORCOTUNA,CONCEPCION,-11.9688991,-75.3097665
SANTA ROSA DE OCOPA,CONCEPCION,-11.8766953,-75.2952236
HEROINAS TOLEDO,CONCEPCION,-11.8385909,-75.2860121
ANDAMARCA,CONCEPCION,-11.7284385,-74.8022296
INGENIO,HUANCAYO,-11.8897586,-75.2654169
ACO,CONCEPCION,-11.9578405,-75.3673014
MITO,CONCEPCION,-11.9365814,-75.3384517
QUICHUAY,HUANCAYO,-11.8898124,-75.286375
NUEVE DE JULIO,CONCEPCION,-11.8913415,-75.3149266
CHILCA,HUANCAYO,-12.0777922,-75.1825684
EL TAMBO,HUANCAYO,-11.97218,-75.1473422
SICAYA,HUANCAYO,-12.0151728,-75.2800852
SAN AGUSTIN,HUANCAYO,-11.9900626,-75.2440041
PUCARA,HUANCAYO,-12.1725957,-75.1454737
SAN JERONIMO DE TUNAN,HUANCAYO,-11.9490237,-75.2827119
COLCA,HUANCAYO,-12.3178258,-75.2231312
SANTO DOMINGO DE ACOBAMBA,HUANCAYO,-11.7688897,-74.7951955
SAPALLANGA,HUANCAYO,-12.1411903,-75.1578244
HUANCAN,HUANCAYO,-12.1062776,-75.2167958
PARIAHUANCA,HUANCAYO,-12.0289904,-74.8522455
CULLHUAS,HUANCAYO,-12.2237833,-75.1705501
HUAYUCACHI,HUANCAYO,-12.1382374,-75.2231754
CHUPURO,HUANCAYO,-12.155252,-75.2454579
HUASICANCHA,HUANCAYO,-12.3320127,-75.2821253
CHONGOS ALTO,HUANCAYO,-12.3112695,-75.2890328
PILCOMAYO,HUANCAYO,-12.0493725,-75.2504039
QUILCAS,HUANCAYO,-11.9374892,-75.2592954
HUALHUAS,HUANCAYO,-11.9716095,-75.2510503
CARHUACALLANGA,HUANCAYO,-12.3547508,-75.2005121
VIQUES,HUANCAYO,-12.1596675,-75.2323177
HUACRAPUQUIO,HUANCAYO,-12.1736583,-75.2190435
JAUJA,JAUJA,-11.7751615,-75.5000068
RICRAN,JAUJA,-11.542522,-75.5233267
SAN LORENZO,JAUJA,-11.8465945,-75.3832957
PANCAN,JAUJA,-11.7487988,-75.4863444
LEONOR ORDOÑEZ,JAUJA,-11.8636431,-75.4255131
HUERTAS,JAUJA,-11.7601987,-75.469465
ACOLLA,JAUJA,-11.7314085,-75.5464856
TUNAN MARCA,JAUJA,-11.6968685,-75.604937
ATAURA,JAUJA,-11.8026294,-75.4386279
PACA,JAUJA,-11.7088153,-75.518081
SAUSA,JAUJA,-11.793178,-75.4828109
HUARIPAMPA,JAUJA,-11.8073501,-75.4706937
PARCO,JAUJA,-11.8010541,-75.5430543
SAN PEDRO DE CHUNAN,JAUJA,-11.7262482,-75.486154
HUAMALI,JAUJA,-11.8070005,-75.4240414
YAULI,JAUJA,-11.7129511,-75.4746334
APATA,JAUJA,-11.8543875,-75.3559523
CURICACA,JAUJA,-11.76559,-75.6790787
LLOCLLAPAMPA,JAUJA,-11.8173673,-75.6243185
PACCHA,JAUJA,-11.8543999,-75.5074027
POMACANCHA,JAUJA,-11.6347181,-75.6842784
MARCO,JAUJA,-11.7400666,-75.5612829
MUQUIYAUYO,JAUJA,-11.8138007,-75.4538897
YAUYOS,JAUJA,-11.799505,-75.5129163
MOLINOS,JAUJA,-11.5950815,-75.3285178
EL MANTARO,JAUJA,-11.816405,-75.3876405
MASMA CHICCHE,JAUJA,-11.7743712,-75.3576469
MASMA,JAUJA,-11.7856862,-75.4263838
JANJAILLO,JAUJA,-11.7652106,-75.6201561
CANCHAYLLO,JAUJA,-11.8018779,-75.7177366
JUNIN,JUNIN,-11.0604216,-75.9739075
CARHUAMAYO,JUNIN,-10.9224563,-76.0578361
ULCUMAYO,JUNIN,-10.9675151,-75.8778743
ONDORES,JUNIN,-11.0837184,-76.1470415
PANGOA,SATIPO,-11.7553934,-74.3850308
MAZAMARI,SATIPO,-11.3288086,-74.5306852
RIO TAMBO,SATIPO,-11.5601313,-73.7843043
PICHANAQUI,CHANCHAMAYO,-11.002808,-74.815139
VIZCATAN DEL ENE,SATIPO,-12.1981072,-74.1768589
RIO NEGRO,SATIPO,-11.2083552,-74.6596906
SATIPO,SATIPO,-11.2558599,-74.635278
LLAYLLA,SATIPO,-11.3814789,-74.5906234
PAMPA HERMOSA,SATIPO,-11.4334433,-74.834495
COVIRIALI,SATIPO,-11.2907323,-74.627595
TARMA,TARMA,-11.4199882,-75.6877142
SAN PEDRO DE CAJAS,TARMA,-11.2497005,-75.8626754
TAPO,TARMA,-11.3898931,-75.5640373
HUASAHUASI,TARMA,-11.2652992,-75.6504254
HUARICOLCA,TARMA,-11.5116371,-75.652586
PALCA,TARMA,-11.3462905,-75.5689705
ACOBAMBA,TARMA,-11.3525421,-75.6593674
PALCAMAYO,TARMA,-11.2952088,-75.7718904
LA UNION,TARMA,-11.3628554,-75.8176742
SANTA ROSA DE SACCO,YAULI,-11.5668007,-75.9561306
HUAY-HUAY,YAULI,-11.7176193,-75.9676329
YAULI,YAULI,-11.6669321,-76.0875396
MARCAPOMACOCHA,YAULI,-11.4067051,-76.3361476
LA OROYA,YAULI,-11.5213917,-75.8998811
MOROCOCHA,YAULI,-11.6063221,-76.1326297
SUITUCANCHA,YAULI,-11.7879517,-75.9370765
CHACAPALPA,YAULI,-11.716655,-75.8196008
SANTA BARBARA DE CARHUACAYAN,YAULI,-11.2014863,-76.3433373
PACCHA,YAULI,-11.473744,-75.9598285
RAYMONDI,ATALAYA,-10.6463182,-73.2911381
SEPAHUA,ATALAYA,-11.1378792,-73.0452127
TAHUANIA,ATALAYA,-10.0811824,-73.9861239
ATALAYA,ATALAYA,-10.7299061,-73.7548827
YARINACOCHA,CORONEL PORTILLO,-8.3548391,-74.5758217
CALLERIA,CORONEL PORTILLO,-7.8964619,-74.1845474
CAMPOVERDE,CORONEL PORTILLO,-8.5588272,-74.8123395
MANANTAY,CORONEL PORTILLO,-8.5670673,-74.4858866
MASISEA,CORONEL PORTILLO,-8.6052016,-74.3063279
CORONEL PORTILLO,CORONEL PORTILLO,-8.3869971,-74.5303994
NUEVA REQUENA,CORONEL PORTILLO,-8.3095052,-74.8625433
IPARIA,CORONEL PORTILLO,-9.3062896,-74.4356449
YURUA,ATALAYA,-9.7228448,-72.4575533
CURIMANA,PADRE ABAD,-8.4339919,-75.1532203
PADRE ABAD,PADRE ABAD,-8.91165,-75.6301604
IRAZOLA,PADRE ABAD,-8.923991,-75.2542005
BOQUERON,PADRE ABAD,-9.0595421,-75.6359099
NESHUYA,PADRE ABAD,-8.6216465,-75.05299
HUIPOCA,PADRE ABAD,-8.9778326,-75.4474695
ALEXANDER VON HUMBOLDT,PADRE ABAD,-8.8284441,-75.0505816
PURUS,PURUS,-9.76893,-70.7138
SAN LUIS,CAÑETE,-13.0487877,-76.4222727
QUILMANA,CAÑETE,-12.9495283,-76.3833329
NUEVO IMPERIAL,CAÑETE,-13.0762769,-76.3177028
SAN VICENTE DE CAÑETE,CAÑETE,-13.077767,-76.3874465
MALA,CAÑETE,-12.6577442,-76.6322701
IMPERIAL,CAÑETE,-13.0610167,-76.3529217
MARIATANA,HUAROCHIRI,-12.2664462,-76.3681952
SANTO DOMINGO DE LOS OLLEROS,HUAROCHIRI,-12.218764,-76.5143289
ASIA,CAÑETE,-12.8033662,-76.4899568
SAN ANTONIO,CAÑETE,-12.6422586,-76.6498877
CALANGO,CAÑETE,-12.5263389,-76.543787
CHILCA,CAÑETE,-12.5185727,-76.7381488
LUNAHUANA,CAÑETE,-12.9624782,-76.1408756
CERRO AZUL,CAÑETE,-13.0248827,-76.479254
ZUÑIGA,CAÑETE,-12.8393807,-76.0201251
PACARAN,CAÑETE,-12.8661506,-76.0545357
COAYLLO,CAÑETE,-12.6523026,-76.4243572
CAÑETE,CAÑETE,-13.077767,-76.3874465
HUACHO,HUAURA,-11.108524,-77.6103295
SANTA MARIA,HUAURA,-11.1175856,-77.4195116
VEGUETA,HUAURA,-11.0233134,-77.644252
HUAURA,HUAURA,-11.0701058,-77.5992908
HUALMAY,HUAURA,-11.0967129,-77.6129018
SAYAN,HUAURA,-11.1334544,-77.1933953
CALETA DE CARQUIN,HUAURA,-11.0918364,-77.6283049
AMBAR,HUAURA,-10.7563177,-77.2719717
LEONCIO PRADO,HUAURA,-11.0577733,-76.9183837
COCHAMARCA,OYON,-10.8623528,-77.1288555
IHUARI,HUARAL,-11.2130204,-76.9759143
PACCHO,HUAURA,-10.957453,-76.93297
HUARAL,HUARAL,-11.4954906,-77.207044
CHANCAY,HUARAL,-11.5627697,-77.2699958
AUCALLAMA,HUARAL,-11.5619799,-77.1729541
ATAVILLOS ALTO,HUARAL,-11.2781472,-76.616084
PACARAOS,HUARAL,-11.1855537,-76.647254
SAN MIGUEL DE ACOS,HUARAL,-11.2739794,-76.8209702
SANTA CRUZ DE ANDAMARCA,HUARAL,-11.1946872,-76.6346066
ATAVILLOS BAJO,HUARAL,-11.347645,-76.7554965
CAJATAMBO,CAJATAMBO,-10.4726165,-76.9929816
HUANCAPON,CAJATAMBO,-10.5494434,-77.1120091
COPA,CAJATAMBO,-10.3863994,-77.0792248
MANAS,CAJATAMBO,-10.5953572,-77.1670582
GORGOR,CAJATAMBO,-10.6207137,-77.0412384
CANTA,CANTA,-11.4671178,-76.6239175
SANTA ROSA DE QUIVES,CANTA,-11.6677416,-76.7876655
LACHAQUI,CANTA,-11.5528976,-76.6269199
HUAROS,CANTA,-11.406225,-76.5757127
HUAMANTANGA,CANTA,-11.4989219,-76.7490755
ARAHUAY,CANTA,-11.6213221,-76.6703384
YAUYOS,YAUYOS,-12.4596576,-75.9187003
ALIS,YAUYOS,-12.2809581,-75.786431
LINCHA,YAUYOS,-12.7998307,-75.6672126
MADEAN,YAUYOS,-12.9445701,-75.777266
TUPE,YAUYOS,-12.7413521,-75.8094333
HUAÑEC,YAUYOS,-12.2678765,-76.0602812
CHOCOS,YAUYOS,-12.927275,-75.9143335
VIÑAC,YAUYOS,-12.8950124,-75.7568071
CACRA,YAUYOS,-12.8127753,-75.7831157
HUAMPARA,YAUYOS,-12.3602081,-76.1673655
CATAHUASI,YAUYOS,-12.7996775,-75.8918762
COLONIA,YAUYOS,-12.6335725,-75.8902882
AZANGARO,YAUYOS,-12.999961,-75.8369013
AYAVIRI,YAUYOS,-12.3623269,-76.0612299
TOMAS,YAUYOS,-12.2383101,-75.7460249
MIRAFLORES,YAUYOS,-12.2741748,-75.8502559
QUINCHES,YAUYOS,-12.3074173,-76.1431739
HUANGASCAR,YAUYOS,-12.8989937,-75.8314747
OMAS,YAUYOS,-12.5147208,-76.2892182
LARAOS,YAUYOS,-12.3468207,-75.7855704
HUANTAN,YAUYOS,-12.4562776,-75.8115551
HONGOS,YAUYOS,-12.8104765,-75.7652182
HUANCAYA,YAUYOS,-12.2033688,-75.7993144
ALLAUCA,YAUYOS,-12.5912073,-76.0371409
COCHAS,YAUYOS,-12.2944711,-76.1574486
TAURIPAMPA,YAUYOS,-12.6171667,-76.162082
SAN PEDRO DE PILAS,YAUYOS,-12.4544968,-76.2266092
QUINOCAY,YAUYOS,-12.3407057,-76.2801757
VITIS,YAUYOS,-12.2239366,-75.8079029
PUTINZA,YAUYOS,-12.66266,-75.911285
OYON,OYON,-8.3789934,-78.4056269
PACHANGARA,OYON,-10.7811586,-76.8144643
ANDAJES,OYON,-10.7925972,-76.9089114
CAUJUL,OYON,-10.805688,-76.9788841
NAVAN,OYON,-10.86212,-77.039789
SANTA LEONOR,HUAURA,-10.9554541,-76.6732653
CHECRAS,HUAURA,-10.932856,-76.8325384
MATUCANA,HUAROCHIRI,-11.8447264,-76.3860598
SAN PEDRO DE LARAOS,HUAROCHIRI,-11.6645634,-76.5400231
SAN DAMIAN,HUAROCHIRI,-11.9604895,-76.3288645
RICARDO PALMA,HUAROCHIRI,-11.9237472,-76.6649395
SAN ANDRES DE TUPICOCHA,HUAROCHIRI,-12.0006155,-76.474166
SANTA EULALIA,HUAROCHIRI,-11.9012394,-76.6640996
HUAROCHIRI,HUAROCHIRI,-12.1371291,-76.2326596
SAN ANTONIO,HUAROCHIRI,-11.8064482,-76.7874076
SAN LORENZO DE QUINTI,HUAROCHIRI,-12.1456425,-76.2125565
SANTIAGO DE ANCHUCAYA,HUAROCHIRI,-12.0955007,-76.2302171
ANTIOQUIA,HUAROCHIRI,-12.0575632,-76.5611215
SAN JUAN DE TANTARANCHE,HUAROCHIRI,-12.113502,-76.1825917
SAN MATEO,HUAROCHIRI,-11.8020525,-76.2392624
SANGALLAYA,HUAROCHIRI,-12.1609655,-76.2290673
SURCO,HUAROCHIRI,-11.8678175,-76.4576592
CHICLA,HUAROCHIRI,-11.7050118,-76.2686321
HUACHUPAMPA,HUAROCHIRI,-11.6882621,-76.610784
LAHUAYTAMBO,HUAROCHIRI,-12.0974215,-76.399537
LANGA,HUAROCHIRI,-12.1256616,-76.4212701
SAN MATEO DE OTAO,HUAROCHIRI,-11.8364257,-76.5222404
HUANZA,HUAROCHIRI,-11.6560309,-76.5033777
SANTIAGO DE TUNA,HUAROCHIRI,-11.9834409,-76.5253381
SANTA CRUZ DE COCACHACRA,HUAROCHIRI,-11.91119,-76.5408987
CALLAHUANCA,HUAROCHIRI,-11.8147559,-76.5807659
SAN PEDRO DE CASTA,HUAROCHIRI,-11.7591182,-76.5964655
TANTA,YAUYOS,-12.122403,-76.0135887
SUPE,BARRANCA,-10.7957342,-77.7165813
SUPE PUERTO,BARRANCA,-10.8045744,-77.7429158
PARAMONGA,BARRANCA,-10.6751894,-77.8185202
BARRANCA,BARRANCA,-10.7541212,-77.7609383
PATIVILCA,BARRANCA,-10.6964328,-77.7797843
YANAHUANCA,DANIEL ALCIDES CARRION,-10.4913156,-76.5166359
SANTA ANA DE TUSI,DANIEL ALCIDES CARRION,-10.472166,-76.3538212
SAN PEDRO DE PILLAO,DANIEL ALCIDES CARRION,-10.4389027,-76.4948711
TAPUC,DANIEL ALCIDES CARRION,-10.41885,-76.4641245
CHACAYAN,DANIEL ALCIDES CARRION,-10.4342238,-76.4374809
PAUCAR,DANIEL ALCIDES CARRION,-10.371027,-76.4431715
GOYLLARISQUIZGA,DANIEL ALCIDES CARRION,-10.473174,-76.4091933
VILCABAMBA,DANIEL ALCIDES CARRION,-10.4791215,-76.4472565
DANIEL ALCIDES CARRION,DANIEL ALCIDES CARRION,-10.4912,-76.5126
OXAPAMPA,OXAPAMPA,-10.5744337,-75.4044786
VILLA RICA,OXAPAMPA,-10.7351432,-75.2676019
PALCAZU,OXAPAMPA,-10.2268546,-75.2824361
CONSTITUCIÓN,OXAPAMPA,-9.7723755,-74.6466239
CHONTABAMBA,OXAPAMPA,-10.602744,-75.4391507
POZUZO,OXAPAMPA,-10.0689006,-75.5507493
HUANCABAMBA,OXAPAMPA,-10.4263436,-75.5245042
YANACANCHA,PASCO,-10.5318269,-76.1842364
CHAUPIMARCA,PASCO,-10.6978799,-76.2495433
HUAYLLAY,PASCO,-11.0022598,-76.3647877
SIMON BOLIVAR,PASCO,-10.7195033,-76.3777409
PAUCARTAMBO,PASCO,-10.7746094,-75.8134578
HUARIACA,PASCO,-10.4420288,-76.1894722
HUACHON,PASCO,-10.6364436,-75.9508096
TINYAHUARCO,PASCO,-10.7615443,-76.2460889
SAN FRANCISCO DE ASIS DE YARUSYACAN,PASCO,-10.5487072,-76.2330092
TICLACAYAN,PASCO,-10.6065401,-76.083933
NINACACA,PASCO,-10.855562,-76.112699
PALLANCHACRA,PASCO,-10.4151535,-76.2352369
VICCO,PASCO,-10.8411114,-76.2360066
PASCO,PASCO,-10.7246926,-76.1657305
PUERTO BERMUDEZ,OXAPAMPA,-10.2956757,-74.9369004
ABANCAY,ABANCAY,-13.6373482,-72.8788744
CURAHUASI,ABANCAY,-13.5422644,-72.695902
TAMBURCO,ABANCAY,-13.6219635,-72.8732864
PICHIRHUA,ABANCAY,-13.8611713,-73.073412
GAMARRA,GRAU,-13.8479987,-72.5577099
CHACOCHE,ABANCAY,-13.9417222,-72.9908641
CIRCA,ABANCAY,-13.8782102,-72.8756452
SAN PEDRO DE CACHORA,ABANCAY,-13.487246,-72.7993767
LAMBRAMA,ABANCAY,-13.8706185,-72.7697418
HUANIPACA,ABANCAY,-13.4918729,-72.9335231
SAN JERONIMO,ANDAHUAYLAS,-13.717033,-73.2635275
HUANCARAY,ANDAHUAYLAS,-13.757431,-73.5271021
ANDAHUAYLAS,ANDAHUAYLAS,-13.6564057,-73.3899459
TALAVERA,ANDAHUAYLAS,-13.6537135,-73.4290221
SANTA MARIA DE CHICMO,ANDAHUAYLAS,-13.6574026,-73.4946575
JOSE MARIA ARGUEDAS,ANDAHUAYLAS,-13.8047365,-73.3270027
PAMPACHIRI,ANDAHUAYLAS,-14.1870656,-73.5445298
PACUCHA,ANDAHUAYLAS,-13.6093405,-73.3438934
KISHUARA,ANDAHUAYLAS,-13.6913922,-73.1186407
OCOBAMBA,CHINCHEROS,-13.482545,-73.5603855
TUMAY HUARACA,ANDAHUAYLAS,-13.9690166,-73.4381941
ANDARAPA,ANDAHUAYLAS,-13.5281931,-73.3657917
SAN MIGUEL DE CHACCRAMPA,ANDAHUAYLAS,-13.9611433,-73.6078246
SAN ANTONIO DE CACHI,ANDAHUAYLAS,-13.7732415,-73.6034516
CHIARA,ANDAHUAYLAS,-13.8671338,-73.6688012
POMACOCHA,ANDAHUAYLAS,-14.0839961,-73.5909505
TURPO,ANDAHUAYLAS,-13.7856784,-73.4740329
HUAYANA,ANDAHUAYLAS,-14.0506668,-73.6092884
KAQUIABAMBA,ANDAHUAYLAS,-13.5323292,-73.2886036
ANTABAMBA,ANTABAMBA,-14.3647456,-72.8778038
PACHACONAS,ANTABAMBA,-14.2231632,-73.016206
OROPESA,ANTABAMBA,-14.2625992,-72.5543486
SABAINO,ANTABAMBA,-14.3134879,-72.9450826
HUAQUIRCA,ANTABAMBA,-14.3398504,-72.8946361
JUAN ESPINOZA MEDRANO,ANTABAMBA,-14.565667,-72.9059973
EL ORO,ANTABAMBA,-14.1642812,-73.0431589
CHALHUANCA,AYMARAES,-14.2945256,-73.2442285
COTARUSE,AYMARAES,-14.4155851,-73.2051918
AYMARAES,AYMARAES,-13.9585236,-73.1834299
TINTAY,AYMARAES,-13.9596179,-73.1851069
LUCRE,AYMARAES,-13.9496486,-73.2264093
TORAYA,AYMARAES,-14.0530843,-73.294551
JUSTO APU SAHUARAURA,AYMARAES,-14.105627,-73.1963511
TAPAIRIHUA,AYMARAES,-14.1413424,-73.1406114
POCOHUANCA,AYMARAES,-14.2185577,-73.0869557
CHAPIMARCA,AYMARAES,-13.9748039,-73.0650772
YANACA,AYMARAES,-14.2257993,-73.1601411
CARAYBAMBA,AYMARAES,-14.3780802,-73.1606841
SORAYA,AYMARAES,-14.1649354,-73.3149477
CAPAYA,AYMARAES,-14.1174934,-73.3211541
SAN JUAN DE CHACÑA,AYMARAES,-13.9239285,-73.1818627
SAÑAYCA,AYMARAES,-14.204812,-73.3471486
COLCABAMBA,AYMARAES,-14.0060023,-73.2544206
IHUAYLLO,AYMARAES,-14.1334308,-73.2679351
CHINCHEROS,CHINCHEROS,-13.5180507,-73.7226614
ANCO_HUALLO,CHINCHEROS,-13.5468039,-73.6667522
HUACCANA,CHINCHEROS,-13.3880591,-73.6900129
AHUAYRO,CHINCHEROS,-13.4958904,-73.8084435
ROCCHACC,CHINCHEROS,-13.4401094,-73.6005621
URANMARCA,CHINCHEROS,-13.6724291,-73.6695595
EL PORVENIR,CHINCHEROS,-13.3893543,-73.5498108
RANRACANCHA,CHINCHEROS,-13.5328741,-73.6057901
COCHARCAS,CHINCHEROS,-13.6102757,-73.7410053
ONGOY,CHINCHEROS,-13.4031774,-73.6683759
LOS CHANKAS,CHINCHEROS,-13.390207,-73.7825309
TAMBOBAMBA,COTABAMBAS,-13.9461814,-72.1745097
COYLLURQUI,COTABAMBAS,-13.8374408,-72.4321251
CHALLHUAHUACHO,COTABAMBAS,-14.1186814,-72.2465114
HAQUIRA,COTABAMBAS,-14.2141274,-72.1883066
MARA,COTABAMBAS,-14.0863519,-72.1020964
COTABAMBAS,COTABAMBAS,-13.747131,-72.356232
CHUQUIBAMBILLA,GRAU,-14.1054248,-72.7079361
VILCABAMBA,GRAU,-14.0777198,-72.6249943
CURPAHUASI,GRAU,-14.0635189,-72.670309
PROGRESO,GRAU,-14.1042274,-72.4361084
VIRUNDO,GRAU,-14.2505609,-72.6810786
CURASCO,GRAU,-14.0616721,-72.5674356
TURPAY,GRAU,-14.2277191,-72.6224058
MAMARA,GRAU,-14.228797,-72.5905334
HUAYLLATI,GRAU,-13.9283772,-72.4844917
SANTA ROSA,GRAU,-14.1397865,-72.6570464
MICAELA BASTIDAS,GRAU,-14.1353281,-72.5915384
PATAYPAMPA,GRAU,-14.1774623,-72.6722163
SAN ANTONIO,GRAU,-14.1696426,-72.6232775
GRAU,GRAU,45.6775923,13.4090826
HUANCARAMA,ANDAHUAYLAS,-13.6451805,-73.0855794
PACOBAMBA,ANDAHUAYLAS,-13.6162624,-73.0859306
CORIS,AIJA,-9.8204769,-77.7190688
LA MERCED,AIJA,-9.7354129,-77.6164507
AIJA,AIJA,-9.780024,-77.6106358
SUCCHA,AIJA,-9.8232707,-77.6500961
HUACLLAN,AIJA,-9.7847374,-77.6736887
LLAMELLIN,ANTONIO RAYMONDI,-9.1010476,-77.0168087
SAN JUAN DE RONTOY,ANTONIO RAYMONDI,-9.1752222,-77.0025089
MIRGAS,ANTONIO RAYMONDI,-9.0784275,-77.0922766
CHACCHO,ANTONIO RAYMONDI,-9.0597018,-77.0586936
ACZO,ANTONIO RAYMONDI,-9.151694,-76.9906529
CHINGAS,ANTONIO RAYMONDI,-9.1190452,-76.9914793
ANTONIO RAYMONDI,ANTONIO RAYMONDI,-9.1028774,-77.0155955
CHACAS,ASUNCION,-9.1620773,-77.3660887
ACOCHACA,ASUNCION,-9.1148297,-77.3681041
ASUNCION,ASUNCION,-25.3063925,-57.6299766
HUALLANCA,BOLOGNESI,-9.8993086,-76.94166
HUAYLLACAYAN,BOLOGNESI,-10.2479991,-77.4150908
HUASTA,BOLOGNESI,-10.1236042,-77.1464065
LA PRIMAVERA,BOLOGNESI,-10.3038965,-77.0985643
TICLLOS,BOLOGNESI,-10.2535554,-77.1902391
MANGAS,BOLOGNESI,-10.3691135,-77.1034268
CHIQUIAN,BOLOGNESI,-10.152032,-77.1568233
PACLLON,BOLOGNESI,-10.2343104,-77.0719317
COLQUIOC,BOLOGNESI,-10.2985154,-77.5835216
ANTONIO RAYMONDI,BOLOGNESI,-10.2039425,-77.4856158
AQUIA,BOLOGNESI,-10.0745004,-77.1447485
CARHUAZ,CARHUAZ,-9.2817496,-77.646261
MARCARA,CARHUAZ,-9.3225999,-77.6039415
PARIAHUANCA,CARHUAZ,-9.3650327,-77.5806762
YUNGAR,CARHUAZ,-9.3778144,-77.5922693
ANTA,CARHUAZ,-9.3576692,-77.5985103
SAN MIGUEL DE ACO,CARHUAZ,-9.3427297,-77.4300747
TINCO,CARHUAZ,-9.2705841,-77.6778452
ATAQUERO,CARHUAZ,-9.2594018,-77.7070475
ACOPAMPA,CARHUAZ,-9.2903458,-77.6090668
SHILLA,CARHUAZ,-9.2314633,-77.6251464
AMASHCA,CARHUAZ,-9.2392254,-77.6466529
SAN LUIS,CARLOS FERMIN FITZCARRALD,-9.0943804,-77.3291264
SAN NICOLAS,CARLOS FERMIN FITZCARRALD,-8.9758539,-77.1894251
YAUYA,CARLOS FERMIN FITZCARRALD,-9.0275719,-77.2472971
CARLOS FERMIN FITZCARRALD,CARLOS FERMIN FITZCARRALD,-9.094,-77.3282
CASMA,CASMA,-9.473361,-78.2995738
BUENA VISTA ALTA,CASMA,-9.4322499,-78.2064343
YAUTAN,CASMA,-9.5115922,-77.9965053
COMANDANTE NOEL,CASMA,-9.5090573,-78.3430699
BAMBAS,CORONGO,-8.6023811,-77.9956254
YANAC,CORONGO,-8.6219932,-77.8528068
CUSCA,CORONGO,-8.5265092,-77.7836968
ACO,CORONGO,-8.5180029,-77.8833935
LA PAMPA,CORONGO,-8.6605429,-77.9030569
YUPAN,CORONGO,-8.6147333,-77.9687346
CORONGO,CORONGO,-8.5703883,-77.8981107
JANGAS,HUARAZ,-9.4006,-77.5772088
HUARAZ,HUARAZ,-9.5298511,-77.5289981
INDEPENDENCIA,HUARAZ,-9.4752071,-77.4955004
TARICA,HUARAZ,-9.3954728,-77.491587
OLLEROS,HUARAZ,-9.6669506,-77.4663377
PARIACOTO,HUARAZ,-9.5592582,-77.89055
HUANCHAY,HUARAZ,-9.7235947,-77.8184585
PIRA,HUARAZ,-9.5809526,-77.7073122
PAMPAS GRANDE,HUARAZ,-9.655389,-77.8265643
LA LIBERTAD,HUARAZ,-9.6307038,-77.7095232
SAN MARCOS,HUARI,-9.5241213,-77.1572073
CHAVIN DE HUANTAR,HUARI,-9.5886299,-77.177664
ANRA,HUARI,-9.2336063,-76.9258158
PONTO,HUARI,-9.3258105,-77.0043962
HUACACHI,HUARI,-9.3157113,-76.9387603
SAN PEDRO DE CHANA,HUARI,-9.4714912,-76.98964
HUACHIS,HUARI,-9.4096271,-77.1002734
HUARI,HUARI,-9.3484957,-77.1722483
RAPAYAN,HUARI,-9.2025415,-76.7592291
HUANTAR,HUARI,-9.4519782,-77.1763553
HUACCHIS,HUARI,-9.2008287,-76.7867548
PAUCAS,HUARI,-9.1526632,-76.8991447
MASIN,HUARI,-9.3656974,-77.0966764
UCO,HUARI,-9.1883438,-76.9284693
CAJAY,HUARI,-9.3276159,-77.1587899
RAHUAPAMPA,HUARI,-9.3591241,-77.0785439
HUARMEY,HUARMEY,-10.0687481,-78.152199
HUAYAN,HUARMEY,-9.8750801,-77.7081362
MALVAS,HUARMEY,-9.9294855,-77.6579418
CULEBRAS,HUARMEY,-9.9501663,-78.2220947
COCHAPETI,HUARMEY,-9.9800637,-77.6958297
CARAZ,HUAYLAS,-9.048505,-77.8100573
PAMPAROMAS,HUAYLAS,-9.0727865,-77.981495
SANTO TORIBIO,HUAYLAS,-8.8645311,-77.9144344
YURACMARCA,HUAYLAS,-8.7375001,-77.9039803
PUEBLO LIBRE,HUAYLAS,-9.1512947,-77.8183525
SANTA CRUZ,HUAYLAS,-8.9086098,-77.7124566
HUATA,HUAYLAS,-9.0161061,-77.8619114
HUALLANCA,HUAYLAS,-8.8191008,-77.8629209
HUAYLAS,HUAYLAS,-8.8722718,-77.8930206
MATO,HUAYLAS,-8.9587585,-77.8921507
PISCOBAMBA,MARISCAL LUZURIAGA,-8.8652705,-77.3576423
MARISCAL LUZURIAGA,MARISCAL LUZURIAGA,-8.8641845,-77.3601915
LLUMPA,MARISCAL LUZURIAGA,-8.9607926,-77.367346
FIDEL OLIVAS ESCUDERO,MARISCAL LUZURIAGA,-8.7823714,-77.2931539
CASCA,MARISCAL LUZURIAGA,-8.8546476,-77.3991666
LUCMA,MARISCAL LUZURIAGA,-8.9193949,-77.4109816
LLAMA,MARISCAL LUZURIAGA,-8.9152478,-77.3014615
ELEAZAR GUZMAN BARRON,MARISCAL LUZURIAGA,-8.8879307,-77.2183419
ACAS,OCROS,-10.4575334,-77.3274735
CAJAMARQUILLA,OCROS,-10.353757,-77.1989307
SAN PEDRO,OCROS,-10.472651,-77.5774657
COCHAS,OCROS,-10.6569083,-77.4825987
CONGAS,OCROS,-10.3371144,-77.4424433
SAN CRISTOBAL DE RAJAN,OCROS,-10.4088919,-77.228449
CARHUAPAMPA,OCROS,-10.4983123,-77.2171778
LLIPA,OCROS,-10.3925285,-77.1904847
OCROS,OCROS,-10.4034734,-77.3967216
SANTIAGO DE CHILCAS,OCROS,-10.4384792,-77.3661877
PAMPAS,PALLASCA,-8.1950956,-77.8957296
CONCHUCOS,PALLASCA,-8.2672086,-77.8536168
SANTA ROSA,PALLASCA,-8.5270766,-78.0672625
TAUCA,PALLASCA,-8.4700269,-78.0378275
BOLOGNESI,PALLASCA,-8.3503897,-78.0506593
HUANDOVAL,PALLASCA,-8.3309043,-77.9750136
PALLASCA,PALLASCA,-8.2531116,-77.9990723
HUACASCHUQUE,PALLASCA,-8.3064787,-78.0043934
CABANA,PALLASCA,-8.3929196,-78.0090747
LLAPO,PALLASCA,-8.514201,-78.041532
LACABAMBA,PALLASCA,-8.2604681,-77.8982661
POMABAMBA,POMABAMBA,-8.8204778,-77.4603745
QUINUABAMBA,POMABAMBA,-8.6971912,-77.3984743
HUAYLLAN,POMABAMBA,-8.8581048,-77.4357709
PAROBAMBA,POMABAMBA,-8.6958388,-77.4300193
RECUAY,RECUAY,-9.722026,-77.4561556
TICAPAMPA,RECUAY,-9.7584487,-77.4438379
LLACLLIN,RECUAY,-10.1367552,-77.5639828
CATAC,RECUAY,-9.9244392,-77.3384783
MARCA,RECUAY,-10.0886666,-77.4743087
TAPACOCHA,RECUAY,-10.0101988,-77.5691553
PARARIN,RECUAY,-10.0503938,-77.654616
HUAYLLAPAMPA,RECUAY,-10.0552701,-77.5363486
PAMPAS CHICO,RECUAY,-10.1147755,-77.3979384
CHIMBOTE,SANTA,-9.0744966,-78.593609
SANTA,SANTA,-8.9874476,-78.6136857
COISHCO,SANTA,-9.0227418,-78.6152844
NUEVO CHIMBOTE,SANTA,-9.1183822,-78.4587932
NEPEÑA,SANTA,-9.1726623,-78.3614116
MORO,SANTA,-9.1388841,-78.1830024
CACERES DEL PERU,SANTA,-8.9636086,-78.0655082
SAMANCO,SANTA,-9.2618703,-78.4960083
MACATE,SANTA,-8.760613,-78.0612105
SIHUAS,SIHUAS,-8.5546662,-77.6312635
SAN JUAN,SIHUAS,-8.6691267,-77.6263344
HUAYLLABAMBA,SIHUAS,-8.5345307,-77.5670096
ACOBAMBA,SIHUAS,-8.3261608,-77.5817182
CHINGALPO,SIHUAS,-8.3387758,-77.5973209
QUICHES,SIHUAS,-8.3950277,-77.4907
CASHAPAMPA,SIHUAS,-8.5609487,-77.6528192
RAGASH,SIHUAS,-8.5319341,-77.6659419
SICSIBAMBA,SIHUAS,-8.6239421,-77.5786158
ALFONSO UGARTE,SIHUAS,-8.4732866,-77.481472
YUNGAY,YUNGAY,-9.1397639,-77.7446153
QUILLO,YUNGAY,-9.3287354,-78.0426198
YANAMA,YUNGAY,-9.0209145,-77.4710377
SHUPLUY,YUNGAY,-9.217939,-77.6950655
RANRAHIRCA,YUNGAY,-9.173244,-77.722884
CASCAPARA,YUNGAY,-9.2264043,-77.7169207
MANCOS,YUNGAY,-9.1903264,-77.7123186
MATACOTO,YUNGAY,-9.1770611,-77.7468142
SAN ANTON,AZANGARO,-14.5838277,-70.3172907
AZANGARO,AZANGARO,-14.9095426,-70.1956194
ASILLO,AZANGARO,-14.7865915,-70.3540033
MUÑANI,AZANGARO,-14.7707724,-69.9557279
ARAPA,AZANGARO,-15.1391169,-70.1095722
SAN JOSE,AZANGARO,-14.6701654,-70.1621099
TIRAPATA,AZANGARO,-14.9548166,-70.403177
SANTIAGO DE PUPUJA,AZANGARO,-15.0530437,-70.2778239
JOSE DOMINGO CHOQUEHUANCA,AZANGARO,-15.0353988,-70.3312734
CHUPA,AZANGARO,-15.1059765,-69.9865962
SAMAN,AZANGARO,-15.2915175,-70.0171834
ACHAYA,AZANGARO,-15.2852382,-70.1614836
CAMINACA,AZANGARO,-15.3241247,-70.0728942
SAN JUAN DE SALINAS,AZANGARO,-14.9911593,-70.105616
COASA,CARABAYA,-13.9864181,-70.0171656
MACUSANI,CARABAYA,-14.0684826,-70.4313639
CARABAYA,CARABAYA,-13.79451,-70.4720613
OLLACHEA,CARABAYA,-13.7940318,-70.4721998
ITUATA,CARABAYA,-13.7911429,-70.2506257
CORANI,CARABAYA,-13.8684934,-70.6046593
AYAPATA,CARABAYA,-13.7769833,-70.3227082
SAN GABAN,CARABAYA,-13.5396038,-70.4087141
AJOYANI,CARABAYA,-14.2300749,-70.2235728
PISACOMA,CHUCUITO,-16.9081006,-69.3713066
DESAGUADERO,CHUCUITO,-16.564809,-69.0401545
JULI,CHUCUITO,-16.2132873,-69.4591568
POMATA,CHUCUITO,-16.2731488,-69.2921984
CHUCUITO,CHUCUITO,-15.8947163,-69.889106
ZEPITA,CHUCUITO,-16.4971752,-69.1032019
HUACULLANI,CHUCUITO,-16.6302449,-69.3222231
KELLUYO,CHUCUITO,-16.7270638,-69.2499805
CRUCERO,CARABAYA,-14.3611964,-70.0234904
PHARA,SANDIA,-14.1522467,-69.6652072
USICAYOS,CARABAYA,-14.1249494,-69.9672237
POTONI,AZANGARO,-14.3899129,-70.104701
LIMBANI,SANDIA,-14.1483978,-69.69075
ILAVE,EL COLLAO,-16.086789,-69.6385874
PILCUYO,EL COLLAO,-16.1104755,-69.5542716
SANTA ROSA,EL COLLAO,-16.7616495,-69.8556014
EL COLLAO,EL COLLAO,-16.0904375,-69.6356189
CAPAZO,EL COLLAO,-17.0969908,-69.7142058
CONDURIRI,EL COLLAO,-16.6206097,-69.7082412
HUANCANE,HUANCANE,-15.2040929,-69.7613717
PUSI,HUANCANE,-15.4418571,-69.9293619
TARACO,HUANCANE,-15.2978079,-69.9783213
VILQUE CHICO,HUANCANE,-15.157057,-69.6190604
COJATA,HUANCANE,-15.0151528,-69.3652199
ROSASPATA,HUANCANE,-15.2344658,-69.527323
HUATASANI,HUANCANE,-15.0596198,-69.8014014
INCHUPALLA,HUANCANE,-15.0094132,-69.6825135
LAMPA,LAMPA,-15.3644309,-70.3666168
SANTA LUCIA,LAMPA,-15.6987668,-70.6065559
CABANILLA,LAMPA,-15.6203163,-70.345873
OCUVIRI,LAMPA,-15.1137211,-70.9090834
PUCARA,LAMPA,-15.04199,-70.3680656
VILAVILA,LAMPA,-15.1882324,-70.6597158
PARATIA,LAMPA,-15.453907,-70.5993792
NICASIO,LAMPA,-15.2355119,-70.260922
CALAPUJA,LAMPA,-15.3101475,-70.2217662
PALCA,LAMPA,-15.2363854,-70.5974936
AYAVIRI,MELGAR,-14.8818397,-70.5900142
NUÑOA,MELGAR,-14.4765078,-70.6360628
SANTA ROSA,MELGAR,-14.607427,-70.7874774
MACARI,MELGAR,-14.7708759,-70.9025677
ANTAUTA,MELGAR,-14.2997287,-70.2919047
CUPI,MELGAR,-14.904858,-70.8662301
LLALLI,MELGAR,-14.9469209,-70.8799195
ORURILLO,MELGAR,-14.7274934,-70.5117338
UMACHIRI,MELGAR,-14.853653,-70.7535804
MELGAR,MELGAR,-14.5620145,-70.6337824
MOHO,MOHO,-15.3607727,-69.4998358
TILALI,MOHO,-15.5146906,-69.3481332
CONIMA,MOHO,-15.4576993,-69.4380307
HUAYRAPATA,MOHO,-15.3214488,-69.341349
PUNO,PUNO,-15.8405962,-70.0279512
MAÑAZO,PUNO,-15.8011797,-70.3434523
ACORA,PUNO,-15.9735935,-69.7975749
PAUCARCOLLA,PUNO,-15.7451407,-70.0562522
ATUNCOLLA,PUNO,-15.6884255,-70.1432128
CAPACHICA,PUNO,-15.6420185,-69.8307928
CHUCUITO,PUNO,-16.6336027,-69.3018083
PLATERIA,PUNO,-15.9479698,-69.8328681
HUATA,PUNO,-15.615277,-69.9715376
VILQUE,PUNO,-15.765821,-70.2586427
COATA,PUNO,-15.5706136,-69.9492216
AMANTANI,PUNO,-15.6650012,-69.7106611
SAN ANTONIO,PUNO,-16.0936915,-70.3224035
TIQUILLACA,PUNO,-15.7973641,-70.1868662
PICHACANI,PUNO,-16.1076198,-70.131438
PUTINA,SAN ANTONIO DE PUTINA,-14.9141,-69.8684837
SAN ANTONIO DE PUTINA,SAN ANTONIO DE PUTINA,-14.9160411,-69.8671094
ANANEA,SAN ANTONIO DE PUTINA,-14.6784404,-69.5352298
PEDRO VILCA APAZA,SAN ANTONIO DE PUTINA,-15.0180244,-69.9040458
QUILCAPUNCU,SAN ANTONIO DE PUTINA,-14.8929648,-69.7302897
SINA,SAN ANTONIO DE PUTINA,-14.4965792,-69.2798767
JULIACA,SAN ROMAN,-15.4932314,-70.1356177
SAN MIGUEL,SAN ROMAN,-15.4095572,-70.1331545
CABANA,SAN ROMAN,-15.6495195,-70.3219267
SAN ROMAN,SAN ROMAN,-15.4943434,-70.1327074
CABANILLAS,SAN ROMAN,-15.8266778,-70.6433537
CARACOTO,SAN ROMAN,-15.5678983,-70.1024942
SANDIA,SANDIA,-14.3224863,-69.4657983
SAN PEDRO DE PUTINA PUNCO,SANDIA,-14.1119359,-69.0477528
SAN JUAN DEL ORO,SANDIA,-14.220967,-69.1537388
ALTO INAMBARI,SANDIA,-14.0401468,-69.2981121
CUYOCUYO,SANDIA,-14.4700389,-69.5369258
PATAMBUCO,SANDIA,-14.3597256,-69.6197547
QUIACA,SANDIA,-14.4222714,-69.3450165
YANAHUAYA,SANDIA,-14.2584613,-69.1695213
YUNGUYO,YUNGUYO,-16.2442325,-69.0925538
COPANI,YUNGUYO,-16.399711,-69.0404249
OLLARAYA,YUNGUYO,-16.2338801,-68.9944048
UNICACHI,YUNGUYO,-16.2239052,-68.9811036
ANAPIA,YUNGUYO,-16.3137957,-68.8528908
CUTURAPI,YUNGUYO,-16.2700082,-69.177447
TINICACHI,YUNGUYO,-16.19818,-68.9617966
SAN PABLO,BELLAVISTA,-6.8094008,-76.5748696
BELLAVISTA,BELLAVISTA,-7.0554379,-76.5881865
ALTO BIAVO,BELLAVISTA,-7.7884679,-76.3385586
BAJO BIAVO,BELLAVISTA,-7.2175081,-76.2597931
SAN RAFAEL,BELLAVISTA,-7.0236238,-76.4644594
SANTA ROSA,EL DORADO,-6.7463029,-76.6233355
SAN JOSE DE SISA,EL DORADO,-6.6137307,-76.6949339
SAN MARTIN,EL DORADO,-6.4095133,-76.8712581
SHATOJA,EL DORADO,-6.5284471,-76.7198207
EL DORADO,EL DORADO,-6.6169274,-76.690422
AGUA BLANCA,EL DORADO,-6.7249951,-76.6954671
SAPOSOA,HUALLAGA,-6.9318423,-76.7724793
ALTO SAPOSOA,HUALLAGA,-6.5916908,-76.9370633
EL ESLABON,HUALLAGA,-7.0216064,-76.7227811
HUALLAGA,HUALLAGA,-7.1255749,-76.6525207
PISCOYACU,HUALLAGA,-6.9801213,-76.767558
SACANCHE,HUALLAGA,-7.1029798,-76.7818166
LAMAS,LAMAS,-6.4220812,-76.5164123
TABALOSOS,LAMAS,-6.390606,-76.6330602
CAYNARACHI,LAMAS,-6.1916889,-76.3173428
PINTO RECODO,LAMAS,-6.3793836,-76.6043562
RUMISAPA,LAMAS,-6.4476695,-76.4725566
SAN ROQUE DE CUMBAZA,LAMAS,-6.3859594,-76.4386109
BARRANQUITA,LAMAS,-6.2518935,-76.0331047
ZAPATERO,LAMAS,-6.5299906,-76.4942679
SHANAO,LAMAS,-6.4113804,-76.5939304
CUÑUMBUQUI,LAMAS,-6.5884417,-76.4338015
JUANJUI,MARISCAL CACERES,-7.2720033,-76.7508655
PACHIZA,MARISCAL CACERES,-7.2967364,-76.7731047
MARISCAL CACERES,MARISCAL CACERES,-8.8078194,-75.5380669
HUALLAGA,BELLAVISTA,-7.3193011,-76.5436165
HUICUNGO,MARISCAL CACERES,-7.3170088,-76.7761946
PAJARILLO,MARISCAL CACERES,-7.1762032,-76.6888585
CAMPANILLA,MARISCAL CACERES,-7.4826362,-76.6498915
MOYOBAMBA,MOYOBAMBA,-6.0347302,-76.9746773
SORITOR,MOYOBAMBA,-6.1392924,-77.1021623
JEPELACIO,MOYOBAMBA,-6.108003,-76.9150054
ALONSO DE ALVARADO,LAMAS,-6.29343,-76.782173
CALZADA,MOYOBAMBA,-6.0295376,-77.066694
YANTALO,MOYOBAMBA,-5.9753278,-77.019882
HABANA,MOYOBAMBA,-6.0817056,-77.0895207
PICOTA,PICOTA,-6.9202134,-76.3303859
SAN HILARION,PICOTA,-6.93478,-76.5106349
SHAMBOYACU,PICOTA,-7.0238211,-76.1330208
TINGO DE PONASA,PICOTA,-6.9357566,-76.2539578
BUENOS AIRES,PICOTA,-6.7911007,-76.3270921
TRES UNIDOS,PICOTA,-6.8061644,-76.2326637
CASPISAPA,PICOTA,-6.9169052,-76.4216782
PUCACACA,PICOTA,-6.8500511,-76.3430875
PILLUANA,PICOTA,-6.7768059,-76.2919754
SAN CRISTOBAL,PICOTA,-6.9751119,-76.436615
RIOJA,RIOJA,-6.0627128,-77.1677322
PARDO MIGUEL,RIOJA,-5.7219212,-77.6170864
NUEVA CAJAMARCA,RIOJA,-5.9407861,-77.3092386
ELIAS SOPLIN VARGAS,RIOJA,-6.042815,-77.3011144
POSIC,RIOJA,-6.013986,-77.1618238
AWAJUN,RIOJA,-5.8696697,-77.4574933
SAN FERNANDO,RIOJA,-5.9029585,-77.2706361
YURACYACU,RIOJA,-5.9306085,-77.2262651
YORONGOS,RIOJA,-6.13897,-77.1441707
TARAPOTO,SAN MARTIN,-6.4877198,-76.3598708
MORALES,SAN MARTIN,-6.4993514,-76.4204988
LA BANDA DE SHILCAYO,SAN MARTIN,-6.46767,-76.2716973
HUIMBAYOC,SAN MARTIN,-6.4179853,-75.7681936
SHAPAJA,SAN MARTIN,-6.579997,-76.2621546
CHAZUTA,SAN MARTIN,-6.5719404,-76.1342717
SAUCE,SAN MARTIN,-6.6903361,-76.2172506
PAPAPLAYA,SAN MARTIN,-6.2093223,-75.7815886
EL PORVENIR,SAN MARTIN,-6.2582956,-75.8831265
SAN MARTIN,SAN MARTIN,-6.6297148,-75.8370772
SAN ANTONIO,SAN MARTIN,-6.3966231,-76.388894
ALBERTO LEVEAU,SAN MARTIN,-6.6915233,-76.2563651
CHIPURANA,SAN MARTIN,-6.4494511,-75.5991695
CACATACHI,SAN MARTIN,-6.4635052,-76.4500777
JUAN GUERRA,SAN MARTIN,-6.5832708,-76.3299295
UCHIZA,TOCACHE,-8.4590114,-76.4618414
TOCACHE,TOCACHE,-8.1887651,-76.510263
NUEVO PROGRESO,TOCACHE,-8.4510319,-76.3259883
POLVORA,TOCACHE,-7.9827602,-76.8468839
SANTA LUCIA,TOCACHE,-8.3469093,-76.3909468
SHUNTE,TOCACHE,-8.4133053,-76.8880286
AMBO,AMBO,-10.1292012,-76.2042789
SAN RAFAEL,AMBO,-10.3378964,-76.182284
HUACAR,AMBO,-10.2043213,-76.2766508
CAYNA,AMBO,-10.2723727,-76.3886207
SAN FRANCISCO,AMBO,-10.3340887,-76.2850016
TOMAY KICHWA,AMBO,-10.0634101,-76.1907262
COLPAS,AMBO,-10.2681315,-76.4153945
CONCHAMARCA,AMBO,-10.0357616,-76.2165665
LA UNION,DOS DE MAYO,-9.8284557,-76.8013469
CHUQUIS,DOS DE MAYO,-9.6773548,-76.7047049
MARIAS,DOS DE MAYO,-9.5345967,-76.4411642
YANAS,DOS DE MAYO,-9.7144768,-76.750043
QUIVILLA,DOS DE MAYO,-9.600044,-76.725922
PACHAS,DOS DE MAYO,-9.7069274,-76.771447
RIPAN,DOS DE MAYO,-9.8284954,-76.8030596
SHUNQUI,DOS DE MAYO,-9.7311947,-76.7833329
SILLAPATA,DOS DE MAYO,-9.7568791,-76.7747338
DOS DE MAYO,DOS DE MAYO,-7.1844911,-77.063155
HUACAYBAMBA,HUACAYBAMBA,-9.0378827,-76.9526356
PINRA,HUACAYBAMBA,-8.9248412,-77.0153552
COCHABAMBA,HUACAYBAMBA,-9.0950192,-76.8366288
CANCHABAMBA,HUACAYBAMBA,-8.8848281,-77.1233897
LLATA,HUAMALIES,-9.5499479,-76.8156098
SINGA,HUAMALIES,-9.3885999,-76.8126267
PUÑOS,HUAMALIES,-9.4997731,-76.8829418
CHAVIN DE PARIARCA,HUAMALIES,-9.4261524,-76.7566217
MIRAFLORES,HUAMALIES,-9.4941859,-76.8186611
JACAS GRANDE,HUAMALIES,-9.5399908,-76.7370621
ARANCAY,HUAMALIES,-9.1720821,-76.7513311
JIRCAN,HUAMALIES,-9.2467919,-76.7191947
TANTAMAYO,HUAMALIES,-9.3924337,-76.7200432
HUAMALIES,HUAMALIES,-9.5496582,-76.8180288
PUNCHAO,HUAMALIES,-9.4623743,-76.8198686
HUANUCO,HUANUCO,-9.9293255,-76.2394845
AMARILIS,HUANUCO,-9.9546102,-76.1800823
PILLCO MARCA,HUANUCO,-9.9521512,-76.2508855
CHINCHAO,HUANUCO,-9.6146422,-76.1287916
CHURUBAMBA,HUANUCO,-9.8256913,-76.133709
YACUS,HUANUCO,-9.9858734,-76.5054256
SAN PEDRO DE CHAULAN,HUANUCO,-10.0902304,-76.4050607
YARUMAYO,HUANUCO,-10.0044402,-76.468443
SAN PABLO DE PILLAO,HUANUCO,-9.7954978,-75.9955698
SANTA MARIA DEL VALLE,HUANUCO,-9.8628206,-76.1699493
MARGOS,HUANUCO,-10.0054151,-76.5230933
SAN FRANCISCO DE CAYRAN,HUANUCO,-10.0099307,-76.3242186
JESUS,LAURICOCHA,-10.0781114,-76.6315739
SAN FRANCISCO DE ASIS,LAURICOCHA,-9.9773301,-76.6289428
SAN MIGUEL DE CAURI,LAURICOCHA,-10.2906895,-76.6301615
JIVIA,LAURICOCHA,-10.0238918,-76.6805659
LAURICOCHA,LAURICOCHA,-10.3155005,-76.658586
RONDOS,LAURICOCHA,-9.9840194,-76.6890145
BAÑOS,LAURICOCHA,-10.0760293,-76.7358351
QUEROPALCA,LAURICOCHA,-10.1816645,-76.8045846
RUPA-RUPA,LEONCIO PRADO,-9.1990928,-76.1312275
JOSE CRESPO Y CASTILLO,LEONCIO PRADO,-8.8511045,-76.0736301
MONZON,HUAMALIES,-9.279636,-76.3963652
CASTILLO GRANDE,LEONCIO PRADO,-9.2780893,-76.0087127
HERMILIO VALDIZAN,LEONCIO PRADO,-9.1388577,-75.8828696
MARIANO DAMASO BERAUN,LEONCIO PRADO,-9.3947394,-76.0248833
DANIEL ALOMIA ROBLES,LEONCIO PRADO,-9.3900137,-75.7439285
PUCAYACU,LEONCIO PRADO,-8.5789698,-76.0910789
PUEBLO NUEVO,LEONCIO PRADO,-9.0815627,-75.9649437
LUYANDO,LEONCIO PRADO,-9.1962396,-75.9736245
SANTO DOMINGO DE ANDA,LEONCIO PRADO,-8.9690226,-75.9588932
HUACRACHUCO,MARAÑON,-8.604487,-77.1492362
SAN BUENAVENTURA,MARAÑON,-8.7676146,-77.1859476
CHOLON,MARAÑON,-8.646668,-76.7448914
SANTA ROSA DE ALTO YANAJANCA,MARAÑON,-8.7763623,-76.5106866
LA MORADA,MARAÑON,-8.7947478,-76.2493712
MARAÑON,MARAÑON,-1.4961055,-44.7817681
PANAO,PACHITEA,-9.8974849,-75.9942918
MOLINO,PACHITEA,-9.910194,-76.0164374
CHAGLLA,PACHITEA,-9.8449412,-75.9030616
UMARI,PACHITEA,-9.8731104,-76.0257002
PUERTO INCA,PUERTO INCA,-9.2605438,-74.8847598
HONORIA,PUERTO INCA,-8.7152751,-74.6871746
TOURNAVISTA,PUERTO INCA,-8.9307277,-74.7051197
YUYAPICHIS,PUERTO INCA,-9.6274545,-74.9742276
CODO DEL POZUZO,PUERTO INCA,-9.6468447,-75.4831107
CHAVINILLO,YAROWILCA,-9.8587298,-76.608363
JACAS CHICO,YAROWILCA,-9.861128,-76.4945526
APARICIO POMARES,YAROWILCA,-9.7226484,-76.5660686
CHORAS,YAROWILCA,-9.910101,-76.6059037
OBAS,YAROWILCA,-9.7952931,-76.666242
PAMPAMARCA,YAROWILCA,-9.7054721,-76.7027503
CAHUAC,YAROWILCA,-9.852732,-76.6306686
CHACABAMBA,YAROWILCA,-9.9004495,-76.6106808
YAROWILCA,YAROWILCA,-9.897654,-76.5599012
HUANCHACO,TRUJILLO,-8.0794934,-79.1202668
LAREDO,TRUJILLO,-8.0864545,-78.9594124
EL PORVENIR,TRUJILLO,-8.0516808,-79.0016911
EL PORVENIR,EL PORVENIR,-8.0738356,-78.9930966
SINSICAP,OTUZCO,-7.8515877,-78.7545356
SIMBAL,TRUJILLO,-7.9763428,-78.8136381
OTUZCO,OTUZCO,-7.9024691,-78.5656753
POROTO,TRUJILLO,-8.0114305,-78.7680219
PARANDAY,OTUZCO,-7.8845029,-78.6994572
LA CUESTA,OTUZCO,-7.9020336,-78.6651035
LA ESPERANZA,TRUJILLO,-8.0633115,-79.0590158
FLORENCIA DE MORA,TRUJILLO,-8.0808282,-79.0220668
TRUJILLO,TRUJILLO,-8.1116778,-79.0287742
VICTOR LARCO HERRERA,TRUJILLO,-8.1403904,-79.044612
MOCHE,TRUJILLO,-8.1714148,-79.008936
SALAVERRY,TRUJILLO,-8.2241119,-78.9763929
ASCOPE,ASCOPE,-7.7138056,-79.1074555
SANTIAGO DE CAO,ASCOPE,-7.9604543,-79.2380208
CASA GRANDE,ASCOPE,-7.7446102,-79.1879884
CHICAMA,ASCOPE,-7.843424,-79.1451857
MAGDALENA DE CAO,ASCOPE,-7.8776501,-79.2944588
PAIJAN,ASCOPE,-7.7342569,-79.3032804
CHOCOPE,ASCOPE,-7.7918461,-79.2226569
RAZURI,ASCOPE,-7.6869321,-79.3836782
BOLIVAR,BOLIVAR,-7.1539171,-77.7026046
LONGOTEA,BOLIVAR,-7.0436074,-77.8720314
UCUNCHA,BOLIVAR,-7.1654654,-77.8593877
UCHUMARCA,BOLIVAR,-7.0470027,-77.8056155
CHEPEN,CHEPEN,-7.2285214,-79.4277749
PUEBLO NUEVO,CHEPEN,-7.1884224,-79.5149377
PACANGA,CHEPEN,-7.1713536,-79.485808
SAYAPULLO,GRAN CHIMU,-7.5954683,-78.4658832
CASCAS,GRAN CHIMU,-7.479441,-78.819392
LUCMA,GRAN CHIMU,-7.640631,-78.5526335
MARMOT,GRAN CHIMU,-7.6731177,-78.6824156
HUASO,JULCAN,-8.2245143,-78.4137337
CARABAMBA,JULCAN,-8.1128282,-78.6077347
CALAMARCA,JULCAN,-8.1700672,-78.4115144
JULCAN,JULCAN,-8.0425812,-78.4867336
USQUIL,OTUZCO,-7.8154816,-78.4168122
SALPO,OTUZCO,-8.0030772,-78.6043667
MACHE,OTUZCO,-8.030106,-78.5351497
HUARANCHAL,OTUZCO,-7.6897064,-78.4427284
AGALLPAMPA,OTUZCO,-7.9821175,-78.5467679
CHARAT,OTUZCO,-7.8236151,-78.4478236
SAN PEDRO DE LLOC,PACASMAYO,-7.4246919,-79.5032823
PACASMAYO,PACASMAYO,-7.4028958,-79.5684847
GUADALUPE,PACASMAYO,-7.2433206,-79.4703695
JEQUETEPEQUE,PACASMAYO,-7.3379078,-79.5632502
SAN JOSE,PACASMAYO,-7.3500235,-79.4550174
TAYABAMBA,PATAZ,-8.275946,-77.2962826
CHILLIA,PATAZ,-8.1246309,-77.514993
BULDIBUYO,PATAZ,-8.1272065,-77.3950137
PARCOY,PATAZ,-8.0337074,-77.4796539
PATAZ,PATAZ,-7.7861211,-77.5934126
PIAS,PATAZ,-7.8720414,-77.546594
HUAYO,PATAZ,-8.004681,-77.5923049
URPAY,PATAZ,-8.3479399,-77.3892967
HUANCASPATA,PATAZ,-8.4572986,-77.298332
SANTIAGO DE CHALLAS,PATAZ,-8.4333101,-77.3647513
ONGON,PATAZ,-8.2076315,-76.9831223
TAURIJA,PATAZ,-8.307586,-77.4230687
HUAYLILLAS,PATAZ,-8.1876887,-77.3431565
SANCHEZ CARRION,SANCHEZ CARRION,-7.8155286,-78.0466096
SANTIAGO DE CHUCO,SANTIAGO DE CHUCO,-8.1453677,-78.1732575
CACHICADAN,SANTIAGO DE CHUCO,-8.0946386,-78.1489283
ANGASMARCA,SANTIAGO DE CHUCO,-8.1452003,-78.0544013
QUIRUVILCA,SANTIAGO DE CHUCO,-8.0017432,-78.3098616
MOLLEBAMBA,SANTIAGO DE CHUCO,-8.1705327,-77.9740965
SANTA CRUZ DE CHUCA,SANTIAGO DE CHUCO,-8.1201411,-78.1423829
MOLLEPATA,SANTIAGO DE CHUCO,-8.1934006,-77.957593
HUAMACHUCO,SANCHEZ CARRION,-7.8154676,-78.0487063
SARTIMBAMBA,SANCHEZ CARRION,-7.698956,-77.7437094
BAMBAMARCA,BOLIVAR,-7.4400512,-77.6927933
COCHORCO,SANCHEZ CARRION,-7.8092809,-77.6869297
CHUGAY,SANCHEZ CARRION,-7.7823194,-77.8677061
SARIN,SANCHEZ CARRION,-7.9113201,-77.9057665
MARCABAL,SANCHEZ CARRION,-7.7060639,-78.0333428
SANAGORAN,SANCHEZ CARRION,-7.7885092,-78.139451
CURGOS,SANCHEZ CARRION,-7.8602476,-77.94356
SITABAMBA,SANTIAGO DE CHUCO,-8.0224019,-77.7301793
CONDORMARCA,BOLIVAR,-7.5430367,-77.5889964
VIRU,VIRU,-8.4169,-78.7623
CHAO,VIRU,-8.5390575,-78.6790415
GUADALUPITO,VIRU,-8.9511379,-78.6247273
PAUCARA,ACOBAMBA,-12.7270517,-74.7150305
ROSARIO,ACOBAMBA,-12.7211475,-74.5824988
ACOBAMBA,ACOBAMBA,-12.8425512,-74.5691562
ANTA,ACOBAMBA,-12.8121624,-74.6385209
POMACOCHA,ACOBAMBA,-12.8741295,-74.5316587
ANDABAMBA,ACOBAMBA,-12.6937656,-74.6237846
MARCAS,ACOBAMBA,-12.8901711,-74.3979132
CAJA,ACOBAMBA,-12.9155215,-74.4661521
LIRCAY,ANGARAES,-12.9895611,-74.720505
CHINCHO,ANGARAES,-12.9728691,-74.3673271
CCOCHACCASA,ANGARAES,-12.9275399,-74.7699827
HUAYLLAY GRANDE,ANGARAES,-12.9423943,-74.701823
SANTO TOMAS DE PATA,ANGARAES,-13.1131122,-74.4193193
HUANCA-HUANCA,ANGARAES,-12.9189354,-74.6101325
ANCHONGA,ANGARAES,-12.91312,-74.6914334
CONGALLA,ANGARAES,-12.9560195,-74.4922582
SECCLLA,ANGARAES,-13.0826043,-74.5548231
PILPICHACA,HUAYTARA,-13.3301641,-74.9769545
JULCAMARCA,ANGARAES,-13.0143703,-74.4447304
CALLANMARCA,ANGARAES,-12.8668887,-74.6231309
ARMA,CASTROVIRREYNA,-13.119588,-75.4995574
CASTROVIRREYNA,CASTROVIRREYNA,-13.2833505,-75.3190792
MOLLEPAMPA,CASTROVIRREYNA,-13.3112167,-75.4100221
HUACHOS,CASTROVIRREYNA,-13.2199235,-75.533642
AURAHUA,CASTROVIRREYNA,-13.0345915,-75.5702545
TANTARA,CASTROVIRREYNA,-13.0738858,-75.6447005
TICRAPO,CASTROVIRREYNA,-13.3818012,-75.4324836
COCAS,CASTROVIRREYNA,-13.2759649,-75.3724533
CAPILLAS,CASTROVIRREYNA,-13.2931099,-75.5423408
CHUPAMARCA,CASTROVIRREYNA,-13.0375725,-75.6097176
HUAMATAMBO,CASTROVIRREYNA,-13.1043837,-75.6900782
SAN JUAN,CASTROVIRREYNA,-13.2034336,-75.6345057
CHURCAMPA,CHURCAMPA,-12.7392288,-74.3876787
SAN PEDRO DE CORIS,CHURCAMPA,-12.5781896,-74.411711
PACHAMARCA,CHURCAMPA,-12.5154459,-74.5263483
CHINCHIHUASI,CHURCAMPA,-12.5185266,-74.5477628
COSME,CHURCAMPA,-12.5805742,-74.6475506
PAUCARBAMBA,CHURCAMPA,-12.5540738,-74.5319669
ANCO,CHURCAMPA,-12.643635,-74.5724185
EL CARMEN,CHURCAMPA,-12.7014725,-74.4949864
LOCROJA,CHURCAMPA,-12.7402997,-74.4417478
LA MERCED,CHURCAMPA,-12.7882357,-74.3589274
SAN MIGUEL DE MAYOCC,CHURCAMPA,-12.80555,-74.3899085
HUANCAVELICA,HUANCAVELICA,-12.78728,-74.9730951
LARIA,HUANCAVELICA,-12.5612405,-75.0368788
ASCENSION,HUANCAVELICA,-12.8260078,-75.2177268
YAULI,HUANCAVELICA,-12.7698467,-74.851089
ACOBAMBILLA,HUANCAVELICA,-12.6643224,-75.3242455
MOYA,HUANCAVELICA,-12.4232508,-75.1538265
HUANDO,HUANCAVELICA,-12.564374,-74.9472848
ACORIA,HUANCAVELICA,-12.6428929,-74.8616179
HUACHOCOLPA,HUANCAVELICA,-13.0317426,-74.9470783
NUEVO OCCORO,HUANCAVELICA,-12.5947537,-75.0196367
IZCUCHACA,HUANCAVELICA,-12.5005983,-74.997274
VILCA,HUANCAVELICA,-12.4773763,-75.1834515
MANTA,HUANCAVELICA,-12.6202779,-75.211004
MARISCAL CACERES,HUANCAVELICA,-12.5341479,-74.9333102
PALCA,HUANCAVELICA,-12.6566995,-74.9805785
PILCHACA,HUANCAVELICA,-12.4011858,-75.0838268
SANTA ANA,CASTROVIRREYNA,-13.0718246,-75.140173
HUAYLLAHUARA,HUANCAVELICA,-12.4094641,-75.1783538
CONAYCA,HUANCAVELICA,-12.5198762,-75.0069803
CUENCA,HUANCAVELICA,-12.4331919,-75.0386638
HUAYTARA,HUAYTARA,-13.6044057,-75.3531892
QUERCO,HUAYTARA,-13.9795156,-74.9768017
TAMBO,HUAYTARA,-13.6895118,-75.2746802
SANTIAGO DE CHOCORVOS,HUAYTARA,-13.8253228,-75.2576875
CORDOVA,HUAYTARA,-14.0078359,-75.1578755
LARAMARCA,HUAYTARA,-13.9484741,-75.0353852
SANTIAGO DE QUIRAHUARA,HUAYTARA,-14.0558994,-74.9765288
SAN FRANCISCO DE SANGAYAICO,HUAYTARA,-13.7950345,-75.2489987
SAN ISIDRO,HUAYTARA,-13.9794303,-75.2395936
SAN ANTONIO DE CUSICANCHA,HUAYTARA,-13.4587689,-75.2501559
OCOYO,HUAYTARA,-14.0082383,-75.022463
SANTO DOMINGO DE CAPILLAS,HUAYTARA,-13.7368146,-75.2437
QUITO-ARMA,HUAYTARA,-13.5285368,-75.3275782
HUAYACUNDO ARMA,HUAYTARA,-13.5340073,-75.314588
SURCUBAMBA,TAYACAJA,-12.1163321,-74.630159
HUACHOCOLPA,TAYACAJA,-12.0482665,-74.5945785
TINTAY PUNCU,TAYACAJA,-12.1819148,-74.564408
SALCAHUASI,TAYACAJA,-12.1037609,-74.7515924
SAN MARCOS DE ROCCHAC,TAYACAJA,-12.0938577,-74.8636269
ROBLE,TAYACAJA,-12.236225,-74.4489114
COCHABAMBA,TAYACAJA,-12.2079507,-74.5428032
LAMBRAS,TAYACAJA,-12.0512577,-74.656179
PAZOS,TAYACAJA,-12.259004,-75.0704157
COLCABAMBA,TAYACAJA,-12.4109277,-74.6809318
ACOSTAMBO,TAYACAJA,-12.3652754,-75.0547686
SALCABAMBA,TAYACAJA,-12.201982,-74.7807505
DANIEL HERNANDEZ,TAYACAJA,-12.3551351,-74.8309521
PAMPAS,TAYACAJA,-12.3987428,-74.8684404
AHUAYCHA,TAYACAJA,-12.4074359,-74.8914236
HUARIBAMBA,TAYACAJA,-12.2795264,-74.9381957
ACRAQUIA,TAYACAJA,-12.4068422,-74.9013577
QUICHUAS,TAYACAJA,-12.470459,-74.7695523
SANTIAGO DE TUCUMA,TAYACAJA,-12.310305,-74.8923853
TAYACAJA,TAYACAJA,-12.5336573,-74.9312666
QUISHUAR,TAYACAJA,-12.2439427,-74.7773826
PICHOS,TAYACAJA,-12.2362041,-74.93875
ANDAYMARCA,TAYACAJA,-12.3155237,-74.6353304
ÑAHUIMPUQUIO,TAYACAJA,-12.3291386,-75.0698756
SANTIAGO DE SURCO,LIMA,-12.1251049,-76.9821605
LA MOLINA,LIMA,-12.077983,-76.9172838
CHORRILLOS,LIMA,-12.1709478,-77.02126
SAN JUAN DE MIRAFLORES,LIMA,-12.1628581,-76.9635192
RIMAC,LIMA,-12.0266773,-77.0340939
SAN MIGUEL,LIMA,-12.0727512,-77.095353
SAN BORJA,LIMA,-12.0964515,-76.9956899
PUEBLO LIBRE,LIMA,-12.0778372,-77.062246
SAN JUAN DE LURIGANCHO,LIMA,-12.0017252,-77.0084106
LOS OLIVOS,LIMA,-11.9916722,-77.0709115
SAN MARTIN DE PORRES,LIMA,-11.9814786,-77.0963114
LIMA,LIMA,-12.0459808,-77.0305912
LURIN,LIMA,-12.2733688,-76.8688896
VILLA MARIA DEL TRIUNFO,LIMA,-12.1766438,-76.9189677
PACHACAMAC,LIMA,-12.2299109,-76.8593914
VILLA EL SALVADOR,LIMA,-12.2135031,-76.9370262
PUCUSANA,LIMA,-12.4816307,-76.7977746
SAN BARTOLO,LIMA,-12.3676926,-76.7188027
PUNTA NEGRA,LIMA,-12.2976816,-76.7085823
PUNTA HERMOSA,LIMA,-12.2616498,-76.7209567
INDEPENDENCIA,LIMA,-11.9919461,-77.0503721
LA VICTORIA,LIMA,-12.0641355,-77.0295563
BREÑA,LIMA,-12.0588096,-77.0458829
MAGDALENA DEL MAR,LIMA,-12.0957149,-77.0682243
SAN ISIDRO,LIMA,-12.0989209,-77.0346439
JESUS MARIA,LIMA,-12.0751522,-77.043904
LINCE,LIMA,-12.0825223,-77.0310016
ANCON,LIMA,-11.7738789,-77.1753353
CARABAYLLO,LIMA,-11.9007232,-77.0330337
COMAS,LIMA,-11.9573015,-77.049757
PUENTE PIEDRA,LIMA,-11.8667978,-77.0778382
SANTA ROSA,LIMA,-11.796724,-77.1728383
EL AGUSTINO,LIMA,-12.0499251,-76.9987104
CHACLACAYO,LIMA,-11.9757399,-76.7698706
ATE,LIMA,-12.0387281,-76.896873
LURIGANCHO,LIMA,-11.948832,-76.7627012
SANTA ANITA,LIMA,-12.0494148,-76.9645757
CIENEGUILLA,LIMA,-12.0731669,-76.777071
MIRAFLORES,LIMA,-12.1206214,-77.0294993
SAN LUIS,LIMA,-12.0736464,-76.9941006
BARRANCO,LIMA,-12.1496977,-77.0212908
SURQUILLO,LIMA,-12.1142159,-77.010462
LA JOYA,AREQUIPA,-16.4235536,-71.8178329
ALTO SELVA ALEGRE,AREQUIPA,-16.3376419,-71.4968918
MIRAFLORES,AREQUIPA,-16.3501806,-71.46244
CERRO COLORADO,AREQUIPA,-16.2979991,-71.573948
AREQUIPA,AREQUIPA,-16.3988667,-71.5369607
TIABAYA,AREQUIPA,-16.4632387,-71.6048807
CAYMA,AREQUIPA,-16.2793942,-71.4603116
AREQUIPA NORTE,AREQUIPA NORTE,-16.3419344,-71.5837158
SACHACA,AREQUIPA,-16.425605,-71.5757898
YANAHUARA,AREQUIPA,-16.3881818,-71.5420539
SALAMANCA,CONDESUYOS,-15.5045195,-72.8341302
ANDARAY,CONDESUYOS,-15.7973073,-72.860528
CHICHAS,CONDESUYOS,-15.5476611,-72.9185605
MOLLENDO,ISLAY,-17.0292533,-72.0155447
ISLAY,ISLAY,-16.9986452,-72.0970527
DEAN VALDIVIA,ISLAY,-17.1012765,-71.8318692
PUNTA DE BOMBON,ISLAY,-17.1721359,-71.7905267
COCACHACRA,ISLAY,-17.0894045,-71.7592172
MEJIA,ISLAY,-17.1024574,-71.9066384
MAJES,CAYLLOMA,-16.3242988,-72.2878298
SANTA RITA DE SIGUAS,AREQUIPA,-16.4940778,-72.0944241
LA JOYA,LA JOYA,-16.725199,-71.8611638
VITOR,AREQUIPA,-16.4657583,-71.9353844
SAN JUAN DE SIGUAS,AREQUIPA,-16.4088314,-72.1669393
HUAMBO,CAYLLOMA,-15.7304769,-72.1081153
COTAHUASI,LA UNION,-15.2126221,-72.889254
SAYLA,LA UNION,-15.320427,-73.2216803
QUECHUALLA,LA UNION,-15.2885041,-73.0883645
PAMPAMARCA,LA UNION,-15.1288746,-72.9046823
HUAYNACOTAS,LA UNION,-15.1271366,-72.8102532
ALCA,LA UNION,-15.1345494,-72.7649438
TOMEPAMPA,LA UNION,-15.1726802,-72.8301444
PUYCA,LA UNION,-15.0592325,-72.6918516
CHARCANA,LA UNION,-15.2407207,-73.0703339
TORO,LA UNION,-15.2644415,-72.9286939
PARIÑAS,TALARA,-4.488083,-81.0619503
CASTILLA,PIURA,-5.115365,-80.5340462
SULLANA,SULLANA,-4.8900643,-80.6873604
PIURA,PIURA,-5.1971376,-80.6267237
PAITA,PAITA,-5.0851637,-81.1136793
AYABACA,AYABACA,-4.6400714,-79.7152245
PAIMAS,AYABACA,-4.6269859,-79.9453372
MONTERO,AYABACA,-4.6321507,-79.8289442
SUYO,AYABACA,-4.5125226,-80.0025827
LAGUNAS,AYABACA,-4.7897345,-79.8451114
JILILI,AYABACA,-4.5301231,-79.8341286
SICCHEZ,AYABACA,-4.5694092,-79.7777647
LA MATANZA,MORROPON,-5.2106747,-80.0883637
CHULUCANAS,MORROPON,-5.0965065,-80.1609229
FRIAS,AYABACA,-4.9066289,-79.9657971
CHULUCANAS,CHULUCANAS,-5.1043845,-80.1703688
MORROPON,MORROPON,-5.1842922,-79.9717204
HUANCABAMBA,HUANCABAMBA,-5.2402325,-79.4488035
SONDORILLO,HUANCABAMBA,-5.3391518,-79.4289116
EL CARMEN DE LA FRONTERA,HUANCABAMBA,-5.0077344,-79.3601521
SONDOR,HUANCABAMBA,-5.3943603,-79.3594952
HUARMACA,HUANCABAMBA,-5.5677869,-79.523988
HUARMACA,HUARMACA,-5.5707794,-79.5278182
LA UNION,PIURA,-5.4043679,-80.7439051
LA ARENA,PIURA,-5.3466201,-80.710859
EL TALLÁN,PIURA,-5.4413612,-80.6039452
BUENOS AIRES,MORROPON,-5.2670919,-79.9675926
CHALACO,MORROPON,-5.0409758,-79.7958985
SALITRAL,MORROPON,-5.3421136,-79.8325696
SAN JUAN DE BIGOTE,MORROPON,-5.2950235,-79.7442505
LALAQUIZ,HUANCABAMBA,-5.1778447,-79.6655743
CANCHAQUE,HUANCABAMBA,-5.3763541,-79.6062858
SANTA CATALINA DE MOSSA,MORROPON,-5.1310195,-79.8782035
PACAIPAMPA,AYABACA,-4.9955057,-79.6679997
SANTO DOMINGO,MORROPON,-5.0291788,-79.8760334
YAMANGO,MORROPON,-5.180941,-79.7506831
COLAN,PAITA,-5.0063013,-81.0588796
TAMARINDO,PAITA,-4.878111,-80.9758162
VICHAYAL,PAITA,-4.84546,-81.104945
LA HUACA,PAITA,-4.910049,-80.9617019
AMOTAPE,PAITA,-4.8815418,-81.0150443
ARENAL,PAITA,-4.8997998,-81.0320779
VEINTISEIS DE OCTUBRE,PIURA,-5.1773148,-80.6643517
CATACAOS,PIURA,-5.2654817,-80.6760774
CURA MORI,PIURA,-5.3641357,-80.6021647
SAN MIGUEL DE EL FAIQUE,HUANCABAMBA,-5.4018601,-79.6062085
TAMBO GRANDE,PIURA,-4.9150244,-80.3561593
SECHURA,SECHURA,-5.5575353,-80.8223327
CRISTO NOS VALGA,SECHURA,-5.5406318,-80.6494892
BELLAVISTA DE LA UNION,SECHURA,-5.4279042,-80.7456339
VICE,SECHURA,-5.4216102,-80.7742613
RINCONADA LLICUAR,SECHURA,-5.4812489,-80.7761797
BERNAL,SECHURA,-5.4628508,-80.7423694
MARCAVELICA,SULLANA,-4.8816137,-80.7033707
BELLAVISTA,SULLANA,-4.8895143,-80.6758366
QUERECOTILLO,SULLANA,-4.8399696,-80.6490343
SAPILLICA,AYABACA,-4.7792771,-79.982323
MIGUEL CHECA,SULLANA,-5.0806533,-80.7869072
LANCONES,SULLANA,-4.4252883,-80.5916729
IGNACIO ESCUDERO,SULLANA,-4.8292109,-80.8861754
SALITRAL,SULLANA,-4.8574486,-80.6812018
LA BREA,TALARA,-4.7068224,-81.0856268
LOS ORGANOS,TALARA,-4.179643,-81.1286825
LOBITOS,TALARA,-4.452793,-81.2777126
EL ALTO,TALARA,-4.2679,-81.2191059
TALARA,TALARA,-4.5796872,-81.2718335
LAS LOMAS,PIURA,-4.6578078,-80.2433237
ACOMAYO,ACOMAYO,-13.9192017,-71.6834556
POMACANCHI,ACOMAYO,-14.0348231,-71.5709789
ACOS,ACOMAYO,-13.9512794,-71.738232
SANGARARA,ACOMAYO,-13.9472154,-71.6035061
ACOPIA,ACOMAYO,-14.057335,-71.4929519
PILLPINTO,PARURO,-13.9535853,-71.7608304
RONDOCAN,ACOMAYO,-13.7792824,-71.7818597
ANTA,ANTA,-13.4715992,-72.1487471
ANCAHUASI,ANTA,-13.4571382,-72.3005668
ZURITE,ANTA,-13.4554756,-72.2554716
PUCYURA,ANTA,-13.4793288,-72.1113614
CACHIMAYO,ANTA,-13.475679,-72.0694716
CHINCHAYPUJIO,ANTA,-13.6294563,-72.2328747
HUAROCONDO,ANTA,-13.4151005,-72.2075514
LIMATAMBO,ANTA,-13.4797658,-72.44328
MOLLEPATA,ANTA,-13.5086248,-72.5276403
CALCA,CALCA,-13.3216818,-71.9560084
PISAC,CALCA,-13.4210472,-71.850496
TARAY,CALCA,-13.4275831,-71.8669902
YANATILE,CALCA,-12.7656631,-72.1355719
LARES,CALCA,-13.1041821,-72.0442395
LAMAY,CALCA,-13.3645205,-71.9203033
COYA,CALCA,-13.3863918,-71.8985883
SAN SALVADOR,CALCA,-13.4923138,-71.7783551
YANAOCA,CANAS,-14.2169433,-71.4320333
PAMPAMARCA,CANAS,-14.1473692,-71.4598346
TUPAC AMARU,CANAS,-14.1501198,-71.5272851
LIVITACA,CHUMBIVILCAS,-14.3125299,-71.6895185
QUEHUE,CANAS,-14.3801173,-71.4553181
SICUANI,CANCHIS,-14.2729288,-71.2265322
COMBAPATA,CANCHIS,-14.1015949,-71.4296335
MARANGANI,CANCHIS,-14.3573737,-71.1686419
LAYO,CANAS,-14.493941,-71.1551204
PITUMARCA,CANCHIS,-13.9803842,-71.4173328
CHECCA,CANAS,-14.4734175,-71.3942846
KUNTURKANKI,CANAS,-14.5267446,-71.2943347
SAN PEDRO,CANCHIS,-14.1864622,-71.3435744
TINTA,CANCHIS,-14.1456699,-71.4071824
SAN PABLO,CANCHIS,-14.201866,-71.31498
CANCHIS,CANCHIS,-14.2748,-71.2298
LANGUI,CANAS,-14.4324797,-71.2728865
CHECACUPE,CANCHIS,-14.0251714,-71.4535654
SANTO TOMAS,CHUMBIVILCAS,-14.4500414,-72.081998
VELILLE,CHUMBIVILCAS,-14.5101172,-71.8846039
QUIÑOTA,CHUMBIVILCAS,-14.3114158,-72.1383145
CHAMACA,CHUMBIVILCAS,-14.3023791,-71.8525723
COLQUEMARCA,CHUMBIVILCAS,-14.2846792,-72.0407386
LLUSCO,CHUMBIVILCAS,-14.337199,-72.11399
CAPACMARCA,CHUMBIVILCAS,-14.0071868,-72.0028173
WANCHAQ,CUSCO,-13.5293361,-71.9552876
SAN SEBASTIAN,CUSCO,-13.5336964,-71.9221574
SAN JERONIMO,CUSCO,-13.5585733,-71.8883114
SANTIAGO,CUSCO,-13.5702931,-71.9920183
CUSCO,CUSCO,-13.5170887,-71.9785356
SAYLLA,CUSCO,-13.5702475,-71.8271365
OROPESA,QUISPICANCHI,-13.5944776,-71.7633315
POROY,CUSCO,-13.4955245,-72.043601
CCORCA,CUSCO,-13.5844728,-72.0592279
LUCRE,QUISPICANCHI,-13.6337607,-71.7363891
CAICAY,PAUCARTAMBO,-13.5972634,-71.6969307
ESPINAR,ESPINAR,-14.9140687,-71.342938
ALTO PICHIGUA,ESPINAR,-14.7375545,-71.2167206
COPORAQUE,ESPINAR,-14.8007408,-71.5317853
PALLPATA,ESPINAR,-14.9441364,-71.0799121
PICHIGUA,ESPINAR,-14.6777982,-71.4063142
OCORURO,ESPINAR,-15.0523951,-71.1290281
SUYCKUTAMBO,ESPINAR,-15.0083849,-71.6447949
CONDOROMA,ESPINAR,-15.3004476,-71.1380196
HUAYOPATA,LA CONVENCION,-13.0038895,-72.5929645
SANTA ANA,LA CONVENCION,-12.860782,-72.7440796
MEGANTONI,LA CONVENCION,-11.7170773,-72.9098103
ECHARATE,LA CONVENCION,-12.2758235,-72.6886897
LA CONVENCION,LA CONVENCION,-13.1305667,-72.5948125
VILCABAMBA,LA CONVENCION,-13.1203657,-72.9767532
INKAWASI,LA CONVENCION,-13.2868343,-73.2084105
KUMPIRUSHIATO,LA CONVENCION,-12.6170006,-73.1049823
QUELLOUNO,LA CONVENCION,-12.6363708,-72.5570935
SANTA TERESA,LA CONVENCION,-13.1301673,-72.594278
OCOBAMBA,LA CONVENCION,-12.8911407,-72.4320222
MARANURA,LA CONVENCION,-12.963611,-72.6646521
HUANOQUITE,PARURO,-13.6816043,-72.0174185
OMACHA,PARURO,-14.0696667,-71.7380878
PARURO,PARURO,-13.761311,-71.8474048
YAURISQUE,PARURO,-13.6631911,-71.9216442
ACCHA,PARURO,-13.971146,-71.8315418
PACCARITAMBO,PARURO,-13.7565865,-71.9564872
CCAPI,PARURO,-13.8532331,-72.0818183
COLCHA,PARURO,-13.8510251,-71.8030624
PAUCARTAMBO,PAUCARTAMBO,-13.3176052,-71.5959691
KOSÑIPATA,PAUCARTAMBO,-13.1134125,-71.2908618
HUANCARANI,PAUCARTAMBO,-13.5030022,-71.6546176
COLQUEPATA,PAUCARTAMBO,-13.3603934,-71.6734024
CHALLABAMBA,PAUCARTAMBO,-13.2151286,-71.6485302
PICHARI,LA CONVENCION,-12.5201296,-73.8282497
VILLA KINTIARINA,LA CONVENCION,-12.910516,-73.4779876
KIMBIRI,LA CONVENCION,-12.6203873,-73.7885096
VILLA VIRGEN,LA CONVENCION,-13.0023279,-73.5127661
MANITEA,LA CONVENCION,-12.7299673,-73.5863594
CIELO PUNCO,LA CONVENCION,-12.7984591,-73.5525151
URCOS,QUISPICANCHI,-13.6879153,-71.6255835
HUARO,QUISPICANCHI,-13.6901139,-71.640723
ANDAHUAYLILLAS,QUISPICANCHI,-13.6739086,-71.6776479
QUISPICANCHI,QUISPICANCHI,-13.5960709,-71.7625392
OCONGATE,QUISPICANCHI,-13.6270195,-71.3883538
CCATCA,QUISPICANCHI,-13.5880524,-71.4626652
QUIQUIJANA,QUISPICANCHI,-13.8226604,-71.5421519
CUSIPATA,QUISPICANCHI,-13.9066376,-71.5028038
CCARHUAYO,QUISPICANCHI,-13.595283,-71.399952
MARCAPATA,QUISPICANCHI,-13.5917395,-70.9747666
CAMANTI,QUISPICANCHI,-13.3648213,-70.7988574
URUBAMBA,URUBAMBA,-13.305953,-72.1159706
YUCAY,URUBAMBA,-13.3175462,-72.0889732
MARAS,URUBAMBA,-13.3353489,-72.1564755
HUAYLLABAMBA,URUBAMBA,-13.3382701,-72.0651037
CHINCHERO,URUBAMBA,-13.3957999,-72.051771
MACHUPICCHU,URUBAMBA,-13.2088887,-72.4751226
OLLANTAYTAMBO,URUBAMBA,-13.2586458,-72.2636012
SAN ANDRES,PISCO,-13.8081702,-76.0825964
ICA,ICA,-14.0640967,-75.7290915
CHINCHA ALTA,CHINCHA,-13.417488,-76.1325726
CHINCHA BAJA,CHINCHA,-13.4590207,-76.1616928
PUEBLO NUEVO,CHINCHA,-13.2753213,-76.0881891
ALTO LARAN,CHINCHA,-13.4423102,-76.0828334
SUNAMPE,CHINCHA,-13.4272798,-76.1642592
SAN PEDRO DE HUACARPANA,CHINCHA,-13.0488651,-75.6480135
GROCIO PRADO,CHINCHA,-13.291163,-76.1546517
EL CARMEN,CHINCHA,-13.4970846,-76.0697065
CHINCHA,CHINCHA,-13.4206977,-76.1328349
TAMBO DE MORA,CHINCHA,-13.4584129,-76.1826425
SAN JUAN DE YANAC,CHINCHA,-13.2109521,-75.7868747
PARCONA,ICA,-14.046921,-75.6987179
PUEBLO NUEVO,ICA,-14.1274179,-75.7059308
SANTIAGO,ICA,-14.1876287,-75.7141887
SUBTANJALLA,ICA,-14.0184761,-75.7583584
SAN JOSE DE LOS MOLINOS,ICA,-13.9329244,-75.6709597
SALAS,ICA,-13.9205918,-75.8852226
TATE,ICA,-14.1518067,-75.7044643
LA TINGUIÑA,ICA,-14.0390299,-75.7121428
SAN JUAN BAUTISTA,ICA,-14.0110012,-75.7348892
PACHACUTEC,ICA,-14.1542383,-75.6548219
LOS AQUIJES,ICA,-14.0963782,-75.6911243
OCUCAJE,ICA,-14.3470669,-75.6717561
YAUCA DEL ROSARIO,ICA,-14.0914702,-75.4206358
MARCONA,NASCA,-15.2155331,-75.0830344
VISTA ALEGRE,NASCA,-14.8455251,-74.9439397
NASCA,NASCA,-14.8277203,-74.9370624
EL INGENIO,NASCA,-14.6451139,-75.0583569
PALPA,PALPA,-14.5336698,-75.1851731
RIO GRANDE,PALPA,-14.5200899,-75.2015081
CHANGUILLO,NASCA,-14.6639776,-75.222762
LLIPATA,PALPA,-14.5632559,-75.2074279
SANTA CRUZ,PALPA,-14.4530297,-75.2393876
